manufacturer,model_range,a,b,c,d
Intel,Xeon Platinum,342.3624349628362,0.034750819765533035,36.89522616719806,-16.402219089443307
Intel,Xeon Gold,71.13767381183924,0.2280562153242743,9.66939980437224,6.266004455550223
Intel,Xeon Silver,41.55884200277906,0.2805828410398358,8.424085900547572,4.764407035404158
Intel,Xeon E5,97.83350026272564,0.10296318761911205,15.726228837967518,-1.8588498922070307
Intel,Xeon E3,342.3624349628362,0.034750819765533035,36.89522616719806,-16.402219089443307
Intel,Xeon E,55.65014194649273,0.04666041377084888,20.41458697644834,4.243652609400892