"Name","API Name","Instance Memory","vCPUs","Memory per vCPU","GPUs","Storage","Linux On Demand cost","Linux Savings Plan","Linux Reserved cost","Linux Spot cost","Windows On Demand cost","Windows Savings Plan","Windows Reserved cost","Windows Spot cost"
"A0","A0","0.75 GiB","1","0.75 GiB/vCPU","0","20 GiB","$0.02 hourly","","","$0.018 hourly","$0.02 hourly","","","$0.018 hourly"
"A1","A1","1.75 GiB","1","1.75 GiB/vCPU","0","70 GiB","$0.06 hourly","","","$0.054 hourly","$0.09 hourly","","","$0.081 hourly"
"A1 v2","A1 v2","2 GiB","1","2 GiB/vCPU","0","10 GiB","$0.043 hourly","","","$0.0084 hourly","$0.065 hourly","","","$0.0127 hourly"
"A2","A2","3.5 GiB","2","1.75 GiB/vCPU","0","135 GiB","$0.12 hourly","","","$0.108 hourly","$0.18 hourly","","","$0.162 hourly"
"A2m v2","A2m v2","16 GiB","2","8 GiB/vCPU","0","20 GiB","$0.119 hourly","","","$0.0233 hourly","$0.18 hourly","","","$0.0353 hourly"
"A2 v2","A2 v2","4 GiB","2","2 GiB/vCPU","0","20 GiB","$0.0903 hourly","","","$0.0177 hourly","$0.136 hourly","","","$0.0267 hourly"
"A3","A3","7 GiB","4","1.75 GiB/vCPU","0","285 GiB","$0.24 hourly","","","$0.216 hourly","$0.36 hourly","","","$0.324 hourly"
"A4","A4","14 GiB","8","1.75 GiB/vCPU","0","605 GiB","$0.48 hourly","","","$0.432 hourly","$0.72 hourly","","","$0.648 hourly"
"A4m v2","A4m v2","32 GiB","4","8 GiB/vCPU","0","40 GiB","$0.237 hourly","","","$0.0465 hourly","$0.36 hourly","","","$0.0706 hourly"
"A4 v2","A4 v2","8 GiB","4","2 GiB/vCPU","0","40 GiB","$0.191 hourly","","","$0.0374 hourly","$0.286 hourly","","","$0.0561 hourly"
"A5","A5","14 GiB","2","7 GiB/vCPU","0","135 GiB","$0.25 hourly","","","$0.225 hourly","$0.33 hourly","","","$0.297 hourly"
"A6","A6","28 GiB","4","7 GiB/vCPU","0","285 GiB","$0.50 hourly","","","$0.45 hourly","$0.66 hourly","","","$0.594 hourly"
"A7","A7","56 GiB","8","7 GiB/vCPU","0","605 GiB","$1.00 hourly","","","$0.90 hourly","$1.32 hourly","","","$1.188 hourly"
"A8m v2","A8m v2","64 GiB","8","8 GiB/vCPU","0","80 GiB","$0.475 hourly","","","$0.0931 hourly","$0.72 hourly","","","$0.1411 hourly"
"A8 v2","A8 v2","16 GiB","8","2 GiB/vCPU","0","80 GiB","$0.399 hourly","","","$0.0782 hourly","$0.60 hourly","","","$0.1176 hourly"
"B12ms","B12ms","48 GiB","12","4 GiB/vCPU","0","96 GiB","$0.499 hourly","","","","$0.547 hourly","","",""
"B16als v2","B16als v2","32 GiB","16","2 GiB/vCPU","0","0 GiB","$0.533 hourly","","","$0.4797 hourly","$0.606 hourly","","","$0.5454 hourly"
"B16as v2","B16as v2","64 GiB","16","4 GiB/vCPU","0","0 GiB","$0.602 hourly","","","$0.5418 hourly","$0.675 hourly","","","$0.6075 hourly"
"B16ls v2","B16ls v2","32 GiB","16","2 GiB/vCPU","0","0 GiB","$0.589 hourly","","","$0.5301 hourly","$0.663 hourly","","","$0.5967 hourly"
"B16ms","B16ms","64 GiB","16","4 GiB/vCPU","0","128 GiB","$0.666 hourly","","","","$0.73 hourly","","",""
"Standard B16pls v2","B16pls v2","32 GiB","16","2 GiB/vCPU","0","0 GiB","$0.476 hourly","","","$0.4284 hourly","","","",""
"Standard B16ps v2","B16ps v2","64 GiB","16","4 GiB/vCPU","0","0 GiB","$0.538 hourly","","","$0.4842 hourly","","","",""
"B16s v2","B16s v2","64 GiB","16","4 GiB/vCPU","0","0 GiB","$0.666 hourly","","","$0.5994 hourly","$0.739 hourly","","","$0.6651 hourly"
"Standard B1ls","B1ls","0.5 GiB","1","0.5 GiB/vCPU","0","4 GiB","$0.0052 hourly","","","","","","",""
"B1ms","B1ms","2 GiB","1","2 GiB/vCPU","0","4 GiB","$0.0207 hourly","","","","$0.0246 hourly","","",""
"B1s","B1s","1 GiB","1","1 GiB/vCPU","0","4 GiB","$0.0104 hourly","","","","$0.014 hourly","","",""
"B20ms","B20ms","80 GiB","20","4 GiB/vCPU","0","160 GiB","$0.832 hourly","","","","$0.912 hourly","","",""
"B2als v2","B2als v2","4 GiB","2","2 GiB/vCPU","0","0 GiB","$0.0376 hourly","","","$0.0338 hourly","$0.0468 hourly","","","$0.0421 hourly"
"B2as v2","B2as v2","8 GiB","2","4 GiB/vCPU","0","0 GiB","$0.0752 hourly","","","$0.0677 hourly","$0.0844 hourly","","","$0.076 hourly"
"B2ats v2","B2ats v2","1 GiB","2","0.5 GiB/vCPU","0","0 GiB","$0.0094 hourly","","","$0.0085 hourly","$0.0186 hourly","","","$0.0167 hourly"
"B2ls v2","B2ls v2","4 GiB","2","2 GiB/vCPU","0","0 GiB","$0.0416 hourly","","","$0.0374 hourly","$0.0508 hourly","","","$0.0457 hourly"
"B2ms","B2ms","8 GiB","2","4 GiB/vCPU","0","16 GiB","$0.0832 hourly","","","","$0.0912 hourly","","",""
"Standard B2pls v2","B2pls v2","4 GiB","2","2 GiB/vCPU","0","0 GiB","$0.0336 hourly","","","$0.0302 hourly","","","",""
"Standard B2ps v2","B2ps v2","8 GiB","2","4 GiB/vCPU","0","0 GiB","$0.0672 hourly","","","$0.0605 hourly","","","",""
"Standard B2pts v2","B2pts v2","1 GiB","2","0.5 GiB/vCPU","0","0 GiB","$0.0084 hourly","","","$0.0076 hourly","","","",""
"B2s","B2s","4 GiB","2","2 GiB/vCPU","0","8 GiB","$0.0416 hourly","","","","$0.0496 hourly","","",""
"B2s v2","B2s v2","8 GiB","2","4 GiB/vCPU","0","0 GiB","$0.0832 hourly","","","$0.0749 hourly","$0.0924 hourly","","","$0.0832 hourly"
"B2ts v2","B2ts v2","1 GiB","2","0.5 GiB/vCPU","0","0 GiB","$0.0104 hourly","","","$0.0094 hourly","$0.0196 hourly","","","$0.0176 hourly"
"B32als v2","B32als v2","64 GiB","32","2 GiB/vCPU","0","0 GiB","$1.065 hourly","","","$0.9585 hourly","$1.213 hourly","","","$1.0917 hourly"
"B32as v2","B32as v2","128 GiB","32","4 GiB/vCPU","0","0 GiB","$1.203 hourly","","","$1.0827 hourly","$1.35 hourly","","","$1.215 hourly"
"B32ls v2","B32ls v2","64 GiB","32","2 GiB/vCPU","0","0 GiB","$1.179 hourly","","","$1.0611 hourly","$1.326 hourly","","","$1.1934 hourly"
"B32s v2","B32s v2","128 GiB","32","4 GiB/vCPU","0","0 GiB","$1.331 hourly","","","$1.1979 hourly","$1.478 hourly","","","$1.3302 hourly"
"B4als v2","B4als v2","8 GiB","4","2 GiB/vCPU","0","0 GiB","$0.133 hourly","","","$0.1197 hourly","$0.152 hourly","","","$0.1368 hourly"
"B4as v2","B4as v2","16 GiB","4","4 GiB/vCPU","0","0 GiB","$0.15 hourly","","","$0.135 hourly","$0.169 hourly","","","$0.1521 hourly"
"B4ls v2","B4ls v2","8 GiB","4","2 GiB/vCPU","0","0 GiB","$0.147 hourly","","","$0.1323 hourly","$0.166 hourly","","","$0.1494 hourly"
"B4ms","B4ms","16 GiB","4","4 GiB/vCPU","0","32 GiB","$0.166 hourly","","","","$0.182 hourly","","",""
"Standard B4pls v2","B4pls v2","8 GiB","4","2 GiB/vCPU","0","0 GiB","$0.119 hourly","","","$0.1071 hourly","","","",""
"Standard B4ps v2","B4ps v2","16 GiB","4","4 GiB/vCPU","0","0 GiB","$0.134 hourly","","","$0.1206 hourly","","","",""
"B4s v2","B4s v2","16 GiB","4","4 GiB/vCPU","0","0 GiB","$0.166 hourly","","","$0.1494 hourly","$0.185 hourly","","","$0.1665 hourly"
"B8als v2","B8als v2","16 GiB","8","2 GiB/vCPU","0","0 GiB","$0.266 hourly","","","$0.2394 hourly","$0.303 hourly","","","$0.2727 hourly"
"B8as v2","B8as v2","32 GiB","8","4 GiB/vCPU","0","0 GiB","$0.301 hourly","","","$0.2709 hourly","$0.338 hourly","","","$0.3042 hourly"
"B8ls v2","B8ls v2","16 GiB","8","2 GiB/vCPU","0","0 GiB","$0.295 hourly","","","$0.2655 hourly","$0.332 hourly","","","$0.2988 hourly"
"B8ms","B8ms","32 GiB","8","4 GiB/vCPU","0","64 GiB","$0.333 hourly","","","","$0.365 hourly","","",""
"Standard B8pls v2","B8pls v2","16 GiB","8","2 GiB/vCPU","0","0 GiB","$0.238 hourly","","","$0.2142 hourly","","","",""
"Standard B8ps v2","B8ps v2","32 GiB","8","4 GiB/vCPU","0","0 GiB","$0.269 hourly","","","$0.2421 hourly","","","",""
"B8s v2","B8s v2","32 GiB","8","4 GiB/vCPU","0","0 GiB","$0.333 hourly","","","$0.2997 hourly","$0.37 hourly","","","$0.333 hourly"
"D1","D1","3.5 GiB","1","3.5 GiB/vCPU","0","50 GiB","$0.077 hourly","","","$0.0151 hourly","$0.14 hourly","","","$0.0274 hourly"
"D11","D11","14 GiB","2","7 GiB/vCPU","0","100 GiB","$0.193 hourly","","","$0.0378 hourly","$0.264 hourly","","","$0.0517 hourly"
"D11s","D11s","14 GiB","2","7 GiB/vCPU","0","28 GiB","$0.193 hourly","","","$0.0378 hourly","$0.264 hourly","","","$0.0517 hourly"
"D11 v2","D11 v2","14 GiB","2","7 GiB/vCPU","0","100 GiB","$0.185 hourly","","","$0.0363 hourly","$0.238 hourly","","","$0.0466 hourly"
"D12","D12","28 GiB","4","7 GiB/vCPU","0","200 GiB","$0.386 hourly","","","$0.0757 hourly","$0.528 hourly","","","$0.1035 hourly"
"D128ads v7","D128ads v7","512 GiB","128","4 GiB/vCPU","0","7040 GiB","$7.296 hourly","","","$1.368 hourly","$13.184 hourly","","","$2.4786 hourly"
"D128alds v7","D128alds v7","512 GiB","128","4 GiB/vCPU","0","7040 GiB","$6.093 hourly","","","$1.1424 hourly","$11.981 hourly","","","$2.2524 hourly"
"D128als v7","D128als v7","256 GiB","128","2 GiB/vCPU","0","0 GiB","$5.146 hourly","","","$0.9649 hourly","$11.034 hourly","","","$2.0744 hourly"
"D128as v7","D128as v7","512 GiB","128","4 GiB/vCPU","0","0 GiB","$5.811 hourly","","","$1.0896 hourly","$11.699 hourly","","","$2.1994 hourly"
"D128ds v6","D128ds v6","512 GiB","128","4 GiB/vCPU","0","7040 GiB","$7.973 hourly","","","$1.7549 hourly","$13.861 hourly","","","$3.0508 hourly"
"D128ds v7","D128ds v7","512 GiB","128","4 GiB/vCPU","0","7040 GiB","$10.442 hourly","","","$1.9297 hourly","$16.33 hourly","","","$3.0178 hourly"
"D128lds v6","D128lds v6","256 GiB","128","2 GiB/vCPU","0","7040 GiB","$7.06 hourly","","","$1.5539 hourly","$12.948 hourly","","","$2.8499 hourly"
"D128lds v7","D128lds v7","256 GiB","128","2 GiB/vCPU","0","7040 GiB","$8.87 hourly","","","$1.6392 hourly","$14.758 hourly","","","$2.7273 hourly"
"D128ls v6","D128ls v6","256 GiB","128","2 GiB/vCPU","0","0 GiB","$5.713 hourly","","","$1.2426 hourly","$11.601 hourly","","","$2.5232 hourly"
"D128ls v7","D128ls v7","256 GiB","128","2 GiB/vCPU","0","0 GiB","$7.497 hourly","","","$1.3854 hourly","$13.385 hourly","","","$2.4735 hourly"
"D128nds v6","D128nds v6","512 GiB","128","4 GiB/vCPU","0","7040 GiB","$10.184 hourly","","","$2.2415 hourly","$16.072 hourly","","","$3.5374 hourly"
"D128nlds v6","D128nlds v6","256 GiB","128","2 GiB/vCPU","0","7040 GiB","$8.963 hourly","","","$1.9728 hourly","$14.851 hourly","","","$3.2687 hourly"
"D128nls v6","D128nls v6","256 GiB","128","2 GiB/vCPU","0","0 GiB","$7.258 hourly","","","$1.5786 hourly","$13.146 hourly","","","$2.8593 hourly"
"D128ns v6","D128ns v6","512 GiB","128","4 GiB/vCPU","0","0 GiB","$8.911 hourly","","","$1.9381 hourly","$14.799 hourly","","","$3.2188 hourly"
"D128s v6","D128s v6","512 GiB","128","4 GiB/vCPU","0","0 GiB","$6.451 hourly","","","$1.4031 hourly","$12.339 hourly","","","$2.6837 hourly"
"D128s v7","D128s v7","512 GiB","128","4 GiB/vCPU","0","0 GiB","$8.467 hourly","","","$1.5647 hourly","$14.355 hourly","","","$2.6528 hourly"
"D12s","D12s","28 GiB","4","7 GiB/vCPU","0","56 GiB","$0.386 hourly","","","$0.0757 hourly","$0.528 hourly","","","$0.1035 hourly"
"D12 v2","D12 v2","28 GiB","4","7 GiB/vCPU","0","200 GiB","$0.371 hourly","","","$0.0727 hourly","$0.476 hourly","","","$0.0933 hourly"
"D13","D13","56 GiB","8","7 GiB/vCPU","0","400 GiB","$0.771 hourly","","","$0.1511 hourly","$1.056 hourly","","","$0.207 hourly"
"D13s","D13s","56 GiB","8","7 GiB/vCPU","0","112 GiB","$0.771 hourly","","","$0.1511 hourly","$1.056 hourly","","","$0.207 hourly"
"D13 v2","D13 v2","56 GiB","8","7 GiB/vCPU","0","400 GiB","$0.741 hourly","","","$0.1452 hourly","$0.952 hourly","","","$0.1866 hourly"
"D14","D14","112 GiB","16","7 GiB/vCPU","0","800 GiB","$1.542 hourly","","","$0.3022 hourly","$2.111 hourly","","","$0.4138 hourly"
"D14s","D14s","112 GiB","16","7 GiB/vCPU","0","224 GiB","$1.542 hourly","","","$0.3022 hourly","$2.111 hourly","","","$0.4138 hourly"
"D14 v2","D14 v2","112 GiB","16","7 GiB/vCPU","0","800 GiB","$1.482 hourly","","","$0.2905 hourly","$1.904 hourly","","","$0.3732 hourly"
"D15i v2","D15i v2","140 GiB","20","7 GiB/vCPU","0","1000 GiB","$1.853 hourly","","","$0.3632 hourly","$2.38 hourly","","","$0.4665 hourly"
"D15 v2","D15 v2","140 GiB","20","7 GiB/vCPU","0","1000 GiB","$1.853 hourly","","","$0.3632 hourly","$2.38 hourly","","","$0.4665 hourly"
"D160ads v7","D160ads v7","640 GiB","160","4 GiB/vCPU","0","8800 GiB","$9.12 hourly","","","$1.71 hourly","$16.48 hourly","","","$3.0982 hourly"
"D160alds v7","D160alds v7","320 GiB","160","2 GiB/vCPU","0","8800 GiB","$7.616 hourly","","","$1.428 hourly","$14.976 hourly","","","$2.8155 hourly"
"D160als v7","D160als v7","320 GiB","160","2 GiB/vCPU","0","0 GiB","$6.432 hourly","","","$1.206 hourly","$13.792 hourly","","","$2.5929 hourly"
"D160as v7","D160as v7","640 GiB","160","4 GiB/vCPU","0","0 GiB","$7.264 hourly","","","$1.362 hourly","$14.624 hourly","","","$2.7493 hourly"
"D16ads v5","D16ads v5","64 GiB","16","4 GiB/vCPU","0","600 GiB","$0.824 hourly","","","$0.1882 hourly","$1.56 hourly","","","$0.3563 hourly"
"D16ads v6","D16ads v6","64 GiB","16","4 GiB/vCPU","0","880 GiB","$0.912 hourly","","","$0.1972 hourly","$1.648 hourly","","","$0.3558 hourly"
"D16ads v7","D16ads v7","64 GiB","16","4 GiB/vCPU","0","880 GiB","$0.912 hourly","","","$0.171 hourly","$1.648 hourly","","","$0.3098 hourly"
"D16alds v6","D16alds v6","32 GiB","16","2 GiB/vCPU","0","880 GiB","$0.762 hourly","","","$0.1647 hourly","$1.498 hourly","","","$0.3234 hourly"
"D16alds v7","D16alds v7","32 GiB","16","2 GiB/vCPU","0","880 GiB","$0.762 hourly","","","$0.1429 hourly","$1.498 hourly","","","$0.2816 hourly"
"D16als v6","D16als v6","32 GiB","16","2 GiB/vCPU","0","0 GiB","$0.643 hourly","","","$0.1348 hourly","$1.379 hourly","","","$0.289 hourly"
"D16als v7","D16als v7","32 GiB","16","2 GiB/vCPU","0","0 GiB","$0.643 hourly","","","$0.1206 hourly","$1.379 hourly","","","$0.2593 hourly"
"D16as v4","D16as v4","64 GiB","16","4 GiB/vCPU","0","128 GiB","$0.768 hourly","","","$0.1677 hourly","$1.504 hourly","","","$0.3283 hourly"
"D16as v5","D16as v5","64 GiB","16","4 GiB/vCPU","0","0 GiB","$0.688 hourly","","","$0.1571 hourly","$1.424 hourly","","","$0.3252 hourly"
"D16as v6","D16as v6","64 GiB","16","4 GiB/vCPU","0","0 GiB","$0.726 hourly","","","$0.1522 hourly","$1.462 hourly","","","$0.3064 hourly"
"D16as v7","D16as v7","64 GiB","16","4 GiB/vCPU","0","0 GiB","$0.726 hourly","","","$0.1361 hourly","$1.462 hourly","","","$0.2749 hourly"
"D16a v4","D16a v4","64 GiB","16","4 GiB/vCPU","0","400 GiB","$0.768 hourly","","","$0.1677 hourly","$1.504 hourly","","","$0.3283 hourly"
"D16ds v4","D16ds v4","64 GiB","16","4 GiB/vCPU","0","600 GiB","$0.904 hourly","","","$0.1952 hourly","$1.64 hourly","","","$0.3541 hourly"
"D16ds v5","D16ds v5","64 GiB","16","4 GiB/vCPU","0","600 GiB","$0.904 hourly","","","$0.2001 hourly","$1.64 hourly","","","$0.3631 hourly"
"D16ds v6","D16ds v6","64 GiB","16","4 GiB/vCPU","0","880 GiB","$0.997 hourly","","","$0.2194 hourly","$1.733 hourly","","","$0.3814 hourly"
"D16ds v7","D16ds v7","64 GiB","16","4 GiB/vCPU","0","880 GiB","$1.305 hourly","","","$0.2412 hourly","$2.041 hourly","","","$0.3772 hourly"
"D16d v4","D16d v4","64 GiB","16","4 GiB/vCPU","0","600 GiB","$0.904 hourly","","","$0.1952 hourly","$1.64 hourly","","","$0.3541 hourly"
"D16d v5","D16d v5","64 GiB","16","4 GiB/vCPU","0","600 GiB","$0.904 hourly","","","$0.2001 hourly","$1.64 hourly","","","$0.3631 hourly"
"D16lds v5","D16lds v5","32 GiB","16","2 GiB/vCPU","0","600 GiB","$0.768 hourly","","","$0.17 hourly","$1.504 hourly","","","$0.333 hourly"
"D16lds v6","D16lds v6","32 GiB","16","2 GiB/vCPU","0","880 GiB","$0.883 hourly","","","$0.1943 hourly","$1.619 hourly","","","$0.3563 hourly"
"D16lds v7","D16lds v7","32 GiB","16","2 GiB/vCPU","0","880 GiB","$1.109 hourly","","","$0.2049 hourly","$1.845 hourly","","","$0.341 hourly"
"D16ls v5","D16ls v5","32 GiB","16","2 GiB/vCPU","0","0 GiB","$0.68 hourly","","","$0.1435 hourly","$1.416 hourly","","","$0.2989 hourly"
"D16ls v6","D16ls v6","32 GiB","16","2 GiB/vCPU","0","0 GiB","$0.714 hourly","","","$0.1553 hourly","$1.45 hourly","","","$0.3154 hourly"
"D16ls v7","D16ls v7","32 GiB","16","2 GiB/vCPU","0","0 GiB","$0.937 hourly","","","$0.1732 hourly","$1.673 hourly","","","$0.3092 hourly"
"D16nds v6","D16nds v6","64 GiB","16","4 GiB/vCPU","0","880 GiB","$1.273 hourly","","","$0.2802 hourly","$2.009 hourly","","","$0.4422 hourly"
"D16nlds v6","D16nlds v6","32 GiB","16","2 GiB/vCPU","0","880 GiB","$1.12 hourly","","","$0.2465 hourly","$1.856 hourly","","","$0.4085 hourly"
"D16nls v6","D16nls v6","32 GiB","16","2 GiB/vCPU","0","0 GiB","$0.907 hourly","","","$0.1973 hourly","$1.643 hourly","","","$0.3574 hourly"
"D16ns v6","D16ns v6","64 GiB","16","4 GiB/vCPU","0","0 GiB","$1.114 hourly","","","$0.2423 hourly","$1.85 hourly","","","$0.4024 hourly"
"Standard D16pds v5","D16pds v5","64 GiB","16","4 GiB/vCPU","0","600 GiB","$0.723 hourly","","","$0.1528 hourly","","","",""
"Standard D16pds v6","D16pds v6","64 GiB","16","4 GiB/vCPU","0","880 GiB","$0.734 hourly","","","$0.2085 hourly","","","",""
"Standard D16plds v5","D16plds v5","32 GiB","16","2 GiB/vCPU","0","600 GiB","$0.614 hourly","","","$0.1298 hourly","","","",""
"Standard D16plds v6","D16plds v6","32 GiB","16","2 GiB/vCPU","0","880 GiB","$0.624 hourly","","","$0.1772 hourly","","","",""
"Standard D16pls v5","D16pls v5","32 GiB","16","2 GiB/vCPU","0","0 GiB","$0.544 hourly","","","$0.115 hourly","","","",""
"Standard D16pls v6","D16pls v6","32 GiB","16","2 GiB/vCPU","0","0 GiB","$0.496 hourly","","","$0.1409 hourly","","","",""
"Standard D16ps v5","D16ps v5","64 GiB","16","4 GiB/vCPU","0","0 GiB","$0.616 hourly","","","$0.1302 hourly","","","",""
"Standard D16ps v6","D16ps v6","64 GiB","16","4 GiB/vCPU","0","0 GiB","$0.562 hourly","","","$0.1596 hourly","","","",""
"D16s v3","D16s v3","64 GiB","16","4 GiB/vCPU","0","128 GiB","$0.768 hourly","","","$0.1505 hourly","$1.504 hourly","","","$0.2948 hourly"
"D16s v4","D16s v4","64 GiB","16","4 GiB/vCPU","0","0 GiB","$0.768 hourly","","","$0.162 hourly","$1.504 hourly","","","$0.3172 hourly"
"D16s v5","D16s v5","64 GiB","16","4 GiB/vCPU","0","0 GiB","$0.768 hourly","","","$0.1621 hourly","$1.504 hourly","","","$0.3175 hourly"
"D16s v6","D16s v6","64 GiB","16","4 GiB/vCPU","0","0 GiB","$0.806 hourly","","","$0.1753 hourly","$1.542 hourly","","","$0.3354 hourly"
"D16s v7","D16s v7","64 GiB","16","4 GiB/vCPU","0","0 GiB","$1.058 hourly","","","$0.1955 hourly","$1.794 hourly","","","$0.3315 hourly"
"D16 v3","D16 v3","64 GiB","16","4 GiB/vCPU","0","400 GiB","$0.768 hourly","","","$0.1505 hourly","$1.504 hourly","","","$0.2948 hourly"
"D16 v4","D16 v4","64 GiB","16","4 GiB/vCPU","0","0 GiB","$0.768 hourly","","","$0.162 hourly","$1.504 hourly","","","$0.3172 hourly"
"D16 v5","D16 v5","64 GiB","16","4 GiB/vCPU","0","0 GiB","$0.768 hourly","","","$0.1621 hourly","$1.504 hourly","","","$0.3175 hourly"
"D192ds v6","D192ds v6","768 GiB","192","4 GiB/vCPU","0","10560 GiB","$11.96 hourly","","","$2.6324 hourly","","","","$4.5763 hourly"
"D192ds v7","D192ds v7","768 GiB","192","4 GiB/vCPU","0","10560 GiB","$15.663 hourly","","","$2.8945 hourly","$24.495 hourly","","","$4.5267 hourly"
"D192lds v7","D192lds v7","384 GiB","192","2 GiB/vCPU","0","10560 GiB","$13.306 hourly","","","$2.4589 hourly","$22.138 hourly","","","$4.0911 hourly"
"D192ls v7","D192ls v7","384 GiB","192","2 GiB/vCPU","0","0 GiB","$11.245 hourly","","","$2.0781 hourly","$20.077 hourly","","","$3.7102 hourly"
"D192s v6","D192s v6","768 GiB","192","4 GiB/vCPU","0","0 GiB","$9.677 hourly","","","$2.1047 hourly","$18.509 hourly","","","$4.0257 hourly"
"D192s v7","D192s v7","768 GiB","192","4 GiB/vCPU","0","0 GiB","$12.701 hourly","","","$2.3471 hourly","$21.533 hourly","","","$3.9793 hourly"
"D1s","D1s","3.5 GiB","1","3.5 GiB/vCPU","0","7 GiB","$0.077 hourly","","","$0.0151 hourly","$0.14 hourly","","","$0.0274 hourly"
"D1 v2","D1 v2","3.5 GiB","1","3.5 GiB/vCPU","0","50 GiB","$0.073 hourly","","","$0.0143 hourly","$0.119 hourly","","","$0.0233 hourly"
"D2","D2","7 GiB","2","3.5 GiB/vCPU","0","100 GiB","$0.154 hourly","","","$0.0302 hourly","$0.28 hourly","","","$0.0549 hourly"
"D248ds v7","D248ds v7","992 GiB","248","4 GiB/vCPU","0","13640 GiB","$20.232 hourly","","","$4.0464 hourly","$31.64 hourly","","","$6.328 hourly"
"D248lds v7","D248lds v7","496 GiB","248","2 GiB/vCPU","0","13640 GiB","$17.186 hourly","","","$3.4372 hourly","$28.594 hourly","","","$5.7188 hourly"
"D248ls v7","D248ls v7","496 GiB","248","2 GiB/vCPU","0","0 GiB","$14.525 hourly","","","$2.6842 hourly","$25.933 hourly","","","$4.7924 hourly"
"D248s v7","D248s v7","992 GiB","248","4 GiB/vCPU","0","0 GiB","$16.405 hourly","","","$3.0316 hourly","$27.813 hourly","","","$5.1398 hourly"
"D2ads v5","D2ads v5","8 GiB","2","4 GiB/vCPU","0","75 GiB","$0.103 hourly","","","$0.0235 hourly","$0.195 hourly","","","$0.0445 hourly"
"D2ads v6","D2ads v6","8 GiB","2","4 GiB/vCPU","0","110 GiB","$0.114 hourly","","","$0.0246 hourly","$0.206 hourly","","","$0.0445 hourly"
"D2ads v7","D2ads v7","8 GiB","2","4 GiB/vCPU","0","110 GiB","$0.114 hourly","","","$0.0214 hourly","$0.206 hourly","","","$0.0387 hourly"
"D2alds v6","D2alds v6","4 GiB","2","2 GiB/vCPU","0","110 GiB","$0.0952 hourly","","","$0.0206 hourly","$0.187 hourly","","","$0.0404 hourly"
"D2alds v7","D2alds v7","4 GiB","2","2 GiB/vCPU","0","110 GiB","$0.0952 hourly","","","$0.0179 hourly","$0.187 hourly","","","$0.0352 hourly"
"D2als v6","D2als v6","4 GiB","2","2 GiB/vCPU","0","0 GiB","$0.0804 hourly","","","$0.0169 hourly","$0.172 hourly","","","$0.0361 hourly"
"D2als v7","D2als v7","4 GiB","2","2 GiB/vCPU","0","0 GiB","$0.0804 hourly","","","$0.0151 hourly","$0.172 hourly","","","$0.0323 hourly"
"D2as v4","D2as v4","8 GiB","2","4 GiB/vCPU","0","16 GiB","$0.096 hourly","","","$0.021 hourly","$0.188 hourly","","","$0.041 hourly"
"D2as v5","D2as v5","8 GiB","2","4 GiB/vCPU","0","0 GiB","$0.086 hourly","","","$0.0196 hourly","$0.178 hourly","","","$0.0407 hourly"
"D2as v6","D2as v6","8 GiB","2","4 GiB/vCPU","0","0 GiB","$0.0908 hourly","","","$0.019 hourly","$0.183 hourly","","","$0.0384 hourly"
"D2as v7","D2as v7","8 GiB","2","4 GiB/vCPU","0","0 GiB","$0.0908 hourly","","","$0.017 hourly","$0.183 hourly","","","$0.0344 hourly"
"D2a v4","D2a v4","8 GiB","2","4 GiB/vCPU","0","50 GiB","$0.096 hourly","","","$0.021 hourly","$0.188 hourly","","","$0.041 hourly"
"D2ds v4","D2ds v4","8 GiB","2","4 GiB/vCPU","0","75 GiB","$0.113 hourly","","","$0.0244 hourly","$0.205 hourly","","","$0.0443 hourly"
"D2ds v5","D2ds v5","8 GiB","2","4 GiB/vCPU","0","75 GiB","$0.113 hourly","","","$0.025 hourly","$0.205 hourly","","","$0.0454 hourly"
"D2ds v6","D2ds v6","8 GiB","2","4 GiB/vCPU","0","110 GiB","$0.125 hourly","","","$0.0275 hourly","$0.217 hourly","","","$0.0478 hourly"
"D2ds v7","D2ds v7","8 GiB","2","4 GiB/vCPU","0","110 GiB","$0.163 hourly","","","$0.0301 hourly","$0.255 hourly","","","$0.0471 hourly"
"D2d v4","D2d v4","8 GiB","2","4 GiB/vCPU","0","75 GiB","$0.113 hourly","","","$0.0244 hourly","$0.205 hourly","","","$0.0443 hourly"
"D2d v5","D2d v5","8 GiB","2","4 GiB/vCPU","0","75 GiB","$0.113 hourly","","","$0.025 hourly","$0.205 hourly","","","$0.0454 hourly"
"D2lds v5","D2lds v5","4 GiB","2","2 GiB/vCPU","0","75 GiB","$0.096 hourly","","","$0.0213 hourly","$0.188 hourly","","","$0.0416 hourly"
"D2lds v6","D2lds v6","4 GiB","2","2 GiB/vCPU","0","110 GiB","$0.11 hourly","","","$0.0242 hourly","$0.202 hourly","","","$0.0445 hourly"
"D2lds v7","D2lds v7","4 GiB","2","2 GiB/vCPU","0","110 GiB","$0.139 hourly","","","$0.0257 hourly","$0.231 hourly","","","$0.0427 hourly"
"D2ls v5","D2ls v5","4 GiB","2","2 GiB/vCPU","0","0 GiB","$0.085 hourly","","","$0.0179 hourly","$0.177 hourly","","","$0.0374 hourly"
"D2ls v6","D2ls v6","4 GiB","2","2 GiB/vCPU","0","0 GiB","$0.0893 hourly","","","$0.0194 hourly","$0.181 hourly","","","$0.0394 hourly"
"D2ls v7","D2ls v7","4 GiB","2","2 GiB/vCPU","0","0 GiB","$0.117 hourly","","","$0.0216 hourly","$0.209 hourly","","","$0.0386 hourly"
"D2nds v6","D2nds v6","8 GiB","2","4 GiB/vCPU","0","110 GiB","$0.159 hourly","","","$0.035 hourly","$0.251 hourly","","","$0.0552 hourly"
"D2nlds v6","D2nlds v6","4 GiB","2","2 GiB/vCPU","0","110 GiB","$0.14 hourly","","","$0.0308 hourly","$0.232 hourly","","","$0.0511 hourly"
"D2nls v6","D2nls v6","4 GiB","2","2 GiB/vCPU","0","0 GiB","$0.113 hourly","","","$0.0246 hourly","$0.205 hourly","","","$0.0446 hourly"
"D2ns v6","D2ns v6","8 GiB","2","4 GiB/vCPU","0","0 GiB","$0.139 hourly","","","$0.0302 hourly","$0.231 hourly","","","$0.0502 hourly"
"Standard D2pds v5","D2pds v5","8 GiB","2","4 GiB/vCPU","0","75 GiB","$0.0904 hourly","","","$0.0191 hourly","","","",""
"Standard D2pds v6","D2pds v6","8 GiB","2","4 GiB/vCPU","0","110 GiB","$0.0918 hourly","","","$0.0261 hourly","","","",""
"Standard D2plds v5","D2plds v5","4 GiB","2","2 GiB/vCPU","0","75 GiB","$0.0768 hourly","","","$0.0162 hourly","","","",""
"Standard D2plds v6","D2plds v6","4 GiB","2","2 GiB/vCPU","0","110 GiB","$0.078 hourly","","","$0.0222 hourly","","","",""
"Standard D2pls v5","D2pls v5","4 GiB","2","2 GiB/vCPU","0","0 GiB","$0.068 hourly","","","$0.0144 hourly","","","",""
"Standard D2pls v6","D2pls v6","4 GiB","2","2 GiB/vCPU","0","0 GiB","$0.062 hourly","","","$0.0176 hourly","","","",""
"Standard D2ps v5","D2ps v5","8 GiB","2","4 GiB/vCPU","0","0 GiB","$0.077 hourly","","","$0.0163 hourly","","","",""
"Standard D2ps v6","D2ps v6","8 GiB","2","4 GiB/vCPU","0","0 GiB","$0.0702 hourly","","","$0.0199 hourly","","","",""
"D2s","D2s","7 GiB","2","3.5 GiB/vCPU","0","14 GiB","$0.154 hourly","","","$0.0302 hourly","$0.28 hourly","","","$0.0549 hourly"
"D2s v3","D2s v3","8 GiB","2","4 GiB/vCPU","0","16 GiB","$0.096 hourly","","","$0.0188 hourly","$0.188 hourly","","","$0.0368 hourly"
"D2s v4","D2s v4","8 GiB","2","4 GiB/vCPU","0","0 GiB","$0.096 hourly","","","$0.0202 hourly","$0.188 hourly","","","$0.0396 hourly"
"D2s v5","D2s v5","8 GiB","2","4 GiB/vCPU","0","0 GiB","$0.096 hourly","","","$0.0203 hourly","$0.188 hourly","","","$0.0397 hourly"
"D2s v6","D2s v6","8 GiB","2","4 GiB/vCPU","0","0 GiB","$0.101 hourly","","","$0.022 hourly","$0.193 hourly","","","$0.042 hourly"
"D2s v7","D2s v7","8 GiB","2","4 GiB/vCPU","0","0 GiB","$0.132 hourly","","","$0.0244 hourly","$0.224 hourly","","","$0.0414 hourly"
"D2 v2","D2 v2","7 GiB","2","3.5 GiB/vCPU","0","100 GiB","$0.146 hourly","","","$0.0286 hourly","$0.238 hourly","","","$0.0466 hourly"
"D2 v3","D2 v3","8 GiB","2","4 GiB/vCPU","0","50 GiB","$0.096 hourly","","","$0.0188 hourly","$0.188 hourly","","","$0.0368 hourly"
"D2 v4","D2 v4","8 GiB","2","4 GiB/vCPU","0","0 GiB","$0.096 hourly","","","$0.0202 hourly","$0.188 hourly","","","$0.0396 hourly"
"D2 v5","D2 v5","8 GiB","2","4 GiB/vCPU","0","0 GiB","$0.096 hourly","","","$0.0203 hourly","$0.188 hourly","","","$0.0397 hourly"
"D3","D3","14 GiB","4","3.5 GiB/vCPU","0","200 GiB","$0.308 hourly","","","$0.0604 hourly","$0.56 hourly","","","$0.1098 hourly"
"D32ads v5","D32ads v5","128 GiB","32","4 GiB/vCPU","0","1200 GiB","$1.648 hourly","","","$0.3764 hourly","$3.12 hourly","","","$0.7126 hourly"
"D32ads v6","D32ads v6","128 GiB","32","4 GiB/vCPU","0","1760 GiB","$1.824 hourly","","","$0.3943 hourly","$3.296 hourly","","","$0.7116 hourly"
"D32ads v7","D32ads v7","128 GiB","32","4 GiB/vCPU","0","1760 GiB","$1.824 hourly","","","$0.342 hourly","$3.296 hourly","","","$0.6196 hourly"
"D32alds v6","D32alds v6","64 GiB","32","2 GiB/vCPU","0","1760 GiB","$1.523 hourly","","","$0.3293 hourly","$2.995 hourly","","","$0.6466 hourly"
"D32alds v7","D32alds v7","64 GiB","32","2 GiB/vCPU","0","1760 GiB","$1.523 hourly","","","$0.2856 hourly","$2.995 hourly","","","$0.5631 hourly"
"D32als v6","D32als v6","64 GiB","32","2 GiB/vCPU","0","0 GiB","$1.286 hourly","","","$0.2695 hourly","$2.758 hourly","","","$0.5781 hourly"
"D32als v7","D32als v7","64 GiB","32","2 GiB/vCPU","0","0 GiB","$1.286 hourly","","","$0.2411 hourly","$2.758 hourly","","","$0.5185 hourly"
"D32as v4","D32as v4","128 GiB","32","4 GiB/vCPU","0","256 GiB","$1.536 hourly","","","$0.3353 hourly","$3.008 hourly","","","$0.6566 hourly"
"D32as v5","D32as v5","128 GiB","32","4 GiB/vCPU","0","0 GiB","$1.376 hourly","","","$0.3143 hourly","$2.848 hourly","","","$0.6505 hourly"
"D32as v6","D32as v6","128 GiB","32","4 GiB/vCPU","0","0 GiB","$1.453 hourly","","","$0.3045 hourly","$2.925 hourly","","","$0.6131 hourly"
"D32as v7","D32as v7","128 GiB","32","4 GiB/vCPU","0","0 GiB","$1.453 hourly","","","$0.2724 hourly","$2.925 hourly","","","$0.5499 hourly"
"D32a v4","D32a v4","128 GiB","32","4 GiB/vCPU","0","800 GiB","$1.536 hourly","","","$0.3353 hourly","$3.008 hourly","","","$0.6566 hourly"
"D32ds v4","D32ds v4","128 GiB","32","4 GiB/vCPU","0","1200 GiB","$1.808 hourly","","","$0.3903 hourly","$3.28 hourly","","","$0.7082 hourly"
"D32ds v5","D32ds v5","128 GiB","32","4 GiB/vCPU","0","1200 GiB","$1.808 hourly","","","$0.4003 hourly","$3.28 hourly","","","$0.7262 hourly"
"D32ds v6","D32ds v6","128 GiB","32","4 GiB/vCPU","0","1760 GiB","$1.993 hourly","","","$0.4387 hourly","$3.465 hourly","","","$0.7626 hourly"
"D32ds v7","D32ds v7","128 GiB","32","4 GiB/vCPU","0","1760 GiB","$2.611 hourly","","","$0.4825 hourly","$4.083 hourly","","","$0.7545 hourly"
"D32d v4","D32d v4","128 GiB","32","4 GiB/vCPU","0","1200 GiB","$1.808 hourly","","","$0.3903 hourly","$3.28 hourly","","","$0.7082 hourly"
"D32d v5","D32d v5","128 GiB","32","4 GiB/vCPU","0","1200 GiB","$1.808 hourly","","","$0.4003 hourly","$3.28 hourly","","","$0.7262 hourly"
"D32lds v5","D32lds v5","64 GiB","32","2 GiB/vCPU","0","1200 GiB","$1.536 hourly","","","$0.3401 hourly","$3.008 hourly","","","$0.666 hourly"
"D32lds v6","D32lds v6","64 GiB","32","2 GiB/vCPU","0","1760 GiB","$1.765 hourly","","","$0.3885 hourly","$3.237 hourly","","","$0.7125 hourly"
"D32lds v7","D32lds v7","64 GiB","32","2 GiB/vCPU","0","1760 GiB","$2.218 hourly","","","$0.4099 hourly","$3.69 hourly","","","$0.6819 hourly"
"D32ls v5","D32ls v5","64 GiB","32","2 GiB/vCPU","0","0 GiB","$1.36 hourly","","","$0.2871 hourly","$2.832 hourly","","","$0.5978 hourly"
"D32ls v6","D32ls v6","64 GiB","32","2 GiB/vCPU","0","0 GiB","$1.428 hourly","","","$0.3106 hourly","$2.90 hourly","","","$0.6308 hourly"
"D32ls v7","D32ls v7","64 GiB","32","2 GiB/vCPU","0","0 GiB","$1.874 hourly","","","$0.3463 hourly","$3.346 hourly","","","$0.6183 hourly"
"D32nds v6","D32nds v6","128 GiB","32","4 GiB/vCPU","0","1760 GiB","$2.546 hourly","","","$0.5604 hourly","$4.018 hourly","","","$0.8844 hourly"
"D32nlds v6","D32nlds v6","64 GiB","32","2 GiB/vCPU","0","1760 GiB","$2.241 hourly","","","$0.4932 hourly","$3.713 hourly","","","$0.8172 hourly"
"D32nls v6","D32nls v6","64 GiB","32","2 GiB/vCPU","0","0 GiB","$1.814 hourly","","","$0.3945 hourly","$3.286 hourly","","","$0.7147 hourly"
"D32ns v6","D32ns v6","128 GiB","32","4 GiB/vCPU","0","0 GiB","$2.228 hourly","","","$0.4846 hourly","$3.70 hourly","","","$0.8048 hourly"
"Standard D32pds v5","D32pds v5","128 GiB","32","4 GiB/vCPU","0","1200 GiB","$1.446 hourly","","","$0.3057 hourly","","","",""
"Standard D32pds v6","D32pds v6","128 GiB","32","4 GiB/vCPU","0","1760 GiB","$1.469 hourly","","","$0.4172 hourly","","","",""
"Standard D32plds v5","D32plds v5","64 GiB","32","2 GiB/vCPU","0","1200 GiB","$1.229 hourly","","","$0.2598 hourly","","","",""
"Standard D32plds v6","D32plds v6","64 GiB","32","2 GiB/vCPU","0","1760 GiB","$1.248 hourly","","","$0.3544 hourly","","","",""
"Standard D32pls v5","D32pls v5","64 GiB","32","2 GiB/vCPU","0","0 GiB","$1.088 hourly","","","$0.23 hourly","","","",""
"Standard D32pls v6","D32pls v6","64 GiB","32","2 GiB/vCPU","0","0 GiB","$0.992 hourly","","","$0.2817 hourly","","","",""
"Standard D32ps v5","D32ps v5","128 GiB","32","4 GiB/vCPU","0","0 GiB","$1.232 hourly","","","$0.2604 hourly","","","",""
"Standard D32ps v6","D32ps v6","128 GiB","32","4 GiB/vCPU","0","0 GiB","$1.123 hourly","","","$0.3189 hourly","","","",""
"D32s v3","D32s v3","128 GiB","32","4 GiB/vCPU","0","256 GiB","$1.536 hourly","","","$0.3011 hourly","$3.008 hourly","","","$0.5896 hourly"
"D32s v4","D32s v4","128 GiB","32","4 GiB/vCPU","0","0 GiB","$1.536 hourly","","","$0.3239 hourly","$3.008 hourly","","","$0.6344 hourly"
"D32s v5","D32s v5","128 GiB","32","4 GiB/vCPU","0","0 GiB","$1.536 hourly","","","$0.3243 hourly","$3.008 hourly","","","$0.635 hourly"
"D32s v6","D32s v6","128 GiB","32","4 GiB/vCPU","0","0 GiB","$1.613 hourly","","","$0.3508 hourly","$3.085 hourly","","","$0.671 hourly"
"D32s v7","D32s v7","128 GiB","32","4 GiB/vCPU","0","0 GiB","$2.117 hourly","","","$0.3912 hourly","$3.589 hourly","","","$0.6632 hourly"
"D32 v3","D32 v3","128 GiB","32","4 GiB/vCPU","0","800 GiB","$1.536 hourly","","","$0.3011 hourly","$3.008 hourly","","","$0.5896 hourly"
"D32 v4","D32 v4","128 GiB","32","4 GiB/vCPU","0","0 GiB","$1.536 hourly","","","$0.3239 hourly","$3.008 hourly","","","$0.6344 hourly"
"D32 v5","D32 v5","128 GiB","32","4 GiB/vCPU","0","0 GiB","$1.536 hourly","","","$0.3243 hourly","$3.008 hourly","","","$0.635 hourly"
"D372ds v7","D372ds v7","1488 GiB","372","4 GiB/vCPU","0","20460 GiB","$30.348 hourly","","","$6.0696 hourly","$47.46 hourly","","","$9.492 hourly"
"D372ids v7","D372ids v7","1488 GiB","372","4 GiB/vCPU","0","20460 GiB","","","","","","","",""
"D372is v7","D372is v7","1488 GiB","372","4 GiB/vCPU","0","0 GiB","","","","","","","",""
"D372s v7","D372s v7","1488 GiB","372","4 GiB/vCPU","0","0 GiB","$24.608 hourly","","","$4.9216 hourly","$41.72 hourly","","","$8.344 hourly"
"D3s","D3s","14 GiB","4","3.5 GiB/vCPU","0","28 GiB","$0.308 hourly","","","$0.0604 hourly","$0.56 hourly","","","$0.1098 hourly"
"D3 v2","D3 v2","14 GiB","4","3.5 GiB/vCPU","0","200 GiB","$0.293 hourly","","","$0.0574 hourly","$0.476 hourly","","","$0.0933 hourly"
"D4","D4","28 GiB","8","3.5 GiB/vCPU","0","400 GiB","$0.616 hourly","","","$0.1207 hourly","$1.12 hourly","","","$0.2195 hourly"
"D48ads v5","D48ads v5","192 GiB","48","4 GiB/vCPU","0","1800 GiB","$2.472 hourly","","","$0.5646 hourly","$4.68 hourly","","","$1.0689 hourly"
"D48ads v6","D48ads v6","192 GiB","48","4 GiB/vCPU","0","2640 GiB","$2.736 hourly","","","$0.5915 hourly","$4.944 hourly","","","$1.0674 hourly"
"D48ads v7","D48ads v7","192 GiB","48","4 GiB/vCPU","0","2640 GiB","$2.736 hourly","","","$0.513 hourly","$4.944 hourly","","","$0.9295 hourly"
"D48alds v6","D48alds v6","96 GiB","48","2 GiB/vCPU","0","2640 GiB","$2.285 hourly","","","$0.494 hourly","$4.493 hourly","","","$0.97 hourly"
"D48alds v7","D48alds v7","96 GiB","48","2 GiB/vCPU","0","2640 GiB","$2.285 hourly","","","$0.4284 hourly","$4.493 hourly","","","$0.8447 hourly"
"D48als v6","D48als v6","96 GiB","48","2 GiB/vCPU","0","0 GiB","$1.93 hourly","","","$0.4045 hourly","$4.138 hourly","","","$0.8673 hourly"
"D48als v7","D48als v7","96 GiB","48","2 GiB/vCPU","0","0 GiB","$1.93 hourly","","","$0.3619 hourly","$4.138 hourly","","","$0.7779 hourly"
"D48as v4","D48as v4","192 GiB","48","4 GiB/vCPU","0","384 GiB","$2.304 hourly","","","$0.503 hourly","$4.512 hourly","","","$0.985 hourly"
"D48as v5","D48as v5","192 GiB","48","4 GiB/vCPU","0","0 GiB","$2.064 hourly","","","$0.4714 hourly","$4.272 hourly","","","$0.9757 hourly"
"D48as v6","D48as v6","192 GiB","48","4 GiB/vCPU","0","0 GiB","$2.179 hourly","","","$0.4567 hourly","$4.387 hourly","","","$0.9195 hourly"
"D48as v7","D48as v7","192 GiB","48","4 GiB/vCPU","0","0 GiB","$2.179 hourly","","","$0.4086 hourly","$4.387 hourly","","","$0.8248 hourly"
"D48a v4","D48a v4","192 GiB","48","4 GiB/vCPU","0","1200 GiB","$2.304 hourly","","","$0.503 hourly","$4.512 hourly","","","$0.985 hourly"
"D48ds v4","D48ds v4","192 GiB","48","4 GiB/vCPU","0","1800 GiB","$2.712 hourly","","","$0.5855 hourly","$4.92 hourly","","","$1.0622 hourly"
"D48ds v5","D48ds v5","192 GiB","48","4 GiB/vCPU","0","1800 GiB","$2.712 hourly","","","$0.6004 hourly","$4.92 hourly","","","$1.0893 hourly"
"D48ds v6","D48ds v6","192 GiB","48","4 GiB/vCPU","0","2640 GiB","$2.99 hourly","","","$0.6581 hourly","$5.198 hourly","","","$1.1441 hourly"
"D48ds v7","D48ds v7","192 GiB","48","4 GiB/vCPU","0","2640 GiB","$3.916 hourly","","","$0.7237 hourly","$6.124 hourly","","","$1.1317 hourly"
"D48d v4","D48d v4","192 GiB","48","4 GiB/vCPU","0","1800 GiB","$2.712 hourly","","","$0.5855 hourly","$4.92 hourly","","","$1.0622 hourly"
"D48d v5","D48d v5","192 GiB","48","4 GiB/vCPU","0","1800 GiB","$2.712 hourly","","","$0.6004 hourly","$4.92 hourly","","","$1.0893 hourly"
"D48lds v5","D48lds v5","96 GiB","48","2 GiB/vCPU","0","1800 GiB","$2.304 hourly","","","$0.5101 hourly","$4.512 hourly","","","$0.999 hourly"
"D48lds v6","D48lds v6","96 GiB","48","2 GiB/vCPU","0","2640 GiB","$2.648 hourly","","","$0.5828 hourly","$4.856 hourly","","","$1.0688 hourly"
"D48lds v7","D48lds v7","96 GiB","48","2 GiB/vCPU","0","2640 GiB","$3.326 hourly","","","$0.6146 hourly","$5.534 hourly","","","$1.0227 hourly"
"D48ls v5","D48ls v5","96 GiB","48","2 GiB/vCPU","0","0 GiB","$2.04 hourly","","","$0.4306 hourly","$4.248 hourly","","","$0.8968 hourly"
"D48ls v6","D48ls v6","96 GiB","48","2 GiB/vCPU","0","0 GiB","$2.142 hourly","","","$0.4659 hourly","$4.35 hourly","","","$0.9461 hourly"
"D48ls v7","D48ls v7","96 GiB","48","2 GiB/vCPU","0","0 GiB","$2.811 hourly","","","$0.5195 hourly","$5.019 hourly","","","$0.9275 hourly"
"D48nds v6","D48nds v6","192 GiB","48","4 GiB/vCPU","0","2640 GiB","$3.819 hourly","","","$0.8406 hourly","$6.027 hourly","","","$1.3265 hourly"
"D48nlds v6","D48nlds v6","96 GiB","48","2 GiB/vCPU","0","2640 GiB","$3.361 hourly","","","$0.7398 hourly","$5.569 hourly","","","$1.2257 hourly"
"D48nls v6","D48nls v6","96 GiB","48","2 GiB/vCPU","0","0 GiB","$2.722 hourly","","","$0.592 hourly","$4.93 hourly","","","$1.0723 hourly"
"D48ns v6","D48ns v6","192 GiB","48","4 GiB/vCPU","0","0 GiB","$3.342 hourly","","","$0.7269 hourly","$5.55 hourly","","","$1.2071 hourly"
"Standard D48pds v5","D48pds v5","192 GiB","48","4 GiB/vCPU","0","1800 GiB","$2.17 hourly","","","$0.4587 hourly","","","",""
"Standard D48pds v6","D48pds v6","192 GiB","48","4 GiB/vCPU","0","2640 GiB","$2.203 hourly","","","$0.6257 hourly","","","",""
"Standard D48plds v5","D48plds v5","96 GiB","48","2 GiB/vCPU","0","1800 GiB","$1.843 hourly","","","$0.3896 hourly","","","",""
"Standard D48plds v6","D48plds v6","96 GiB","48","2 GiB/vCPU","0","2640 GiB","$1.872 hourly","","","$0.5316 hourly","","","",""
"Standard D48pls v5","D48pls v5","96 GiB","48","2 GiB/vCPU","0","0 GiB","$1.632 hourly","","","$0.345 hourly","","","",""
"Standard D48pls v6","D48pls v6","96 GiB","48","2 GiB/vCPU","0","0 GiB","$1.488 hourly","","","$0.4226 hourly","","","",""
"Standard D48ps v5","D48ps v5","192 GiB","48","4 GiB/vCPU","0","0 GiB","$1.848 hourly","","","$0.3907 hourly","","","",""
"Standard D48ps v6","D48ps v6","192 GiB","48","4 GiB/vCPU","0","0 GiB","$1.685 hourly","","","$0.4785 hourly","","","",""
"D48s v3","D48s v3","192 GiB","48","4 GiB/vCPU","0","384 GiB","$2.304 hourly","","","$0.4516 hourly","$4.512 hourly","","","$0.8844 hourly"
"D48s v4","D48s v4","192 GiB","48","4 GiB/vCPU","0","0 GiB","$2.304 hourly","","","$0.4859 hourly","$4.512 hourly","","","$0.9516 hourly"
"D48s v5","D48s v5","192 GiB","48","4 GiB/vCPU","0","0 GiB","$2.304 hourly","","","$0.4864 hourly","$4.512 hourly","","","$0.9525 hourly"
"D48s v6","D48s v6","192 GiB","48","4 GiB/vCPU","0","0 GiB","$2.419 hourly","","","$0.5261 hourly","$4.627 hourly","","","$1.0064 hourly"
"D48s v7","D48s v7","192 GiB","48","4 GiB/vCPU","0","0 GiB","$3.175 hourly","","","$0.5867 hourly","$5.383 hourly","","","$0.9948 hourly"
"D48 v3","D48 v3","192 GiB","48","4 GiB/vCPU","0","1200 GiB","$2.304 hourly","","","$0.4516 hourly","$4.512 hourly","","","$0.8844 hourly"
"D48 v4","D48 v4","192 GiB","48","4 GiB/vCPU","0","0 GiB","$2.304 hourly","","","$0.4859 hourly","$4.512 hourly","","","$0.9516 hourly"
"D48 v5","D48 v5","192 GiB","48","4 GiB/vCPU","0","0 GiB","$2.304 hourly","","","$0.4864 hourly","$4.512 hourly","","","$0.9525 hourly"
"D4ads v5","D4ads v5","16 GiB","4","4 GiB/vCPU","0","150 GiB","$0.206 hourly","","","$0.0471 hourly","$0.39 hourly","","","$0.0891 hourly"
"D4ads v6","D4ads v6","16 GiB","4","4 GiB/vCPU","0","220 GiB","$0.228 hourly","","","$0.0493 hourly","$0.412 hourly","","","$0.089 hourly"
"D4ads v7","D4ads v7","16 GiB","4","4 GiB/vCPU","0","220 GiB","$0.228 hourly","","","$0.0428 hourly","$0.412 hourly","","","$0.0775 hourly"
"D4alds v6","D4alds v6","8 GiB","4","2 GiB/vCPU","0","220 GiB","$0.19 hourly","","","$0.0411 hourly","$0.374 hourly","","","$0.0807 hourly"
"D4alds v7","D4alds v7","8 GiB","4","2 GiB/vCPU","0","220 GiB","$0.19 hourly","","","$0.0356 hourly","$0.374 hourly","","","$0.0703 hourly"
"D4als v6","D4als v6","8 GiB","4","2 GiB/vCPU","0","0 GiB","$0.161 hourly","","","$0.0337 hourly","$0.345 hourly","","","$0.0723 hourly"
"D4als v7","D4als v7","8 GiB","4","2 GiB/vCPU","0","0 GiB","$0.161 hourly","","","$0.0302 hourly","$0.345 hourly","","","$0.0649 hourly"
"D4as v4","D4as v4","16 GiB","4","4 GiB/vCPU","0","32 GiB","$0.192 hourly","","","$0.0419 hourly","$0.376 hourly","","","$0.0821 hourly"
"D4as v5","D4as v5","16 GiB","4","4 GiB/vCPU","0","0 GiB","$0.172 hourly","","","$0.0393 hourly","$0.356 hourly","","","$0.0813 hourly"
"D4as v6","D4as v6","16 GiB","4","4 GiB/vCPU","0","0 GiB","$0.182 hourly","","","$0.0381 hourly","$0.366 hourly","","","$0.0767 hourly"
"D4as v7","D4as v7","16 GiB","4","4 GiB/vCPU","0","0 GiB","$0.182 hourly","","","$0.0341 hourly","$0.366 hourly","","","$0.0688 hourly"
"D4a v4","D4a v4","16 GiB","4","4 GiB/vCPU","0","100 GiB","$0.192 hourly","","","$0.0419 hourly","$0.376 hourly","","","$0.0821 hourly"
"D4ds v4","D4ds v4","16 GiB","4","4 GiB/vCPU","0","150 GiB","$0.226 hourly","","","$0.0488 hourly","$0.41 hourly","","","$0.0885 hourly"
"D4ds v5","D4ds v5","16 GiB","4","4 GiB/vCPU","0","150 GiB","$0.226 hourly","","","$0.05 hourly","$0.41 hourly","","","$0.0908 hourly"
"D4ds v6","D4ds v6","16 GiB","4","4 GiB/vCPU","0","220 GiB","$0.249 hourly","","","$0.0548 hourly","$0.433 hourly","","","$0.0953 hourly"
"D4ds v7","D4ds v7","16 GiB","4","4 GiB/vCPU","0","220 GiB","$0.326 hourly","","","$0.0602 hourly","$0.51 hourly","","","$0.0942 hourly"
"D4d v4","D4d v4","16 GiB","4","4 GiB/vCPU","0","150 GiB","$0.226 hourly","","","$0.0488 hourly","$0.41 hourly","","","$0.0885 hourly"
"D4d v5","D4d v5","16 GiB","4","4 GiB/vCPU","0","150 GiB","$0.226 hourly","","","$0.05 hourly","$0.41 hourly","","","$0.0908 hourly"
"D4lds v5","D4lds v5","8 GiB","4","2 GiB/vCPU","0","150 GiB","$0.192 hourly","","","$0.0425 hourly","$0.376 hourly","","","$0.0832 hourly"
"D4lds v6","D4lds v6","8 GiB","4","2 GiB/vCPU","0","220 GiB","$0.221 hourly","","","$0.0486 hourly","$0.405 hourly","","","$0.0891 hourly"
"D4lds v7","D4lds v7","8 GiB","4","2 GiB/vCPU","0","220 GiB","$0.277 hourly","","","$0.0512 hourly","$0.461 hourly","","","$0.0852 hourly"
"D4ls v5","D4ls v5","8 GiB","4","2 GiB/vCPU","0","0 GiB","$0.17 hourly","","","$0.0359 hourly","$0.354 hourly","","","$0.0747 hourly"
"D4ls v6","D4ls v6","8 GiB","4","2 GiB/vCPU","0","0 GiB","$0.179 hourly","","","$0.0389 hourly","$0.363 hourly","","","$0.079 hourly"
"D4ls v7","D4ls v7","8 GiB","4","2 GiB/vCPU","0","0 GiB","$0.234 hourly","","","$0.0432 hourly","$0.418 hourly","","","$0.0772 hourly"
"D4nds v6","D4nds v6","16 GiB","4","4 GiB/vCPU","0","220 GiB","$0.293 hourly","","","$0.0645 hourly","$0.477 hourly","","","$0.105 hourly"
"D4nlds v6","D4nlds v6","8 GiB","4","2 GiB/vCPU","0","220 GiB","$0.28 hourly","","","$0.0616 hourly","$0.464 hourly","","","$0.1021 hourly"
"D4nls v6","D4nls v6","8 GiB","4","2 GiB/vCPU","0","0 GiB","$0.227 hourly","","","$0.0494 hourly","$0.411 hourly","","","$0.0894 hourly"
"D4ns v6","D4ns v6","16 GiB","4","4 GiB/vCPU","0","0 GiB","$0.278 hourly","","","$0.0605 hourly","$0.462 hourly","","","$0.1005 hourly"
"Standard D4pds v5","D4pds v5","16 GiB","4","4 GiB/vCPU","0","150 GiB","$0.181 hourly","","","$0.0383 hourly","","","",""
"Standard D4pds v6","D4pds v6","16 GiB","4","4 GiB/vCPU","0","220 GiB","$0.184 hourly","","","$0.0523 hourly","","","",""
"Standard D4plds v5","D4plds v5","8 GiB","4","2 GiB/vCPU","0","150 GiB","$0.154 hourly","","","$0.0326 hourly","","","",""
"Standard D4plds v6","D4plds v6","8 GiB","4","2 GiB/vCPU","0","220 GiB","$0.156 hourly","","","$0.0443 hourly","","","",""
"Standard D4pls v5","D4pls v5","8 GiB","4","2 GiB/vCPU","0","0 GiB","$0.136 hourly","","","$0.0288 hourly","","","",""
"Standard D4pls v6","D4pls v6","8 GiB","4","2 GiB/vCPU","0","0 GiB","$0.124 hourly","","","$0.0352 hourly","","","",""
"Standard D4ps v5","D4ps v5","16 GiB","4","4 GiB/vCPU","0","0 GiB","$0.154 hourly","","","$0.0326 hourly","","","",""
"Standard D4ps v6","D4ps v6","16 GiB","4","4 GiB/vCPU","0","0 GiB","$0.14 hourly","","","$0.0398 hourly","","","",""
"D4s","D4s","28 GiB","8","3.5 GiB/vCPU","0","56 GiB","$0.616 hourly","","","$0.1207 hourly","$1.12 hourly","","","$0.2195 hourly"
"D4s v3","D4s v3","16 GiB","4","4 GiB/vCPU","0","32 GiB","$0.192 hourly","","","$0.0376 hourly","$0.376 hourly","","","$0.0737 hourly"
"D4s v4","D4s v4","16 GiB","4","4 GiB/vCPU","0","0 GiB","$0.192 hourly","","","$0.0405 hourly","$0.376 hourly","","","$0.0793 hourly"
"D4s v5","D4s v5","16 GiB","4","4 GiB/vCPU","0","0 GiB","$0.192 hourly","","","$0.0405 hourly","$0.376 hourly","","","$0.0794 hourly"
"D4s v6","D4s v6","16 GiB","4","4 GiB/vCPU","0","0 GiB","$0.202 hourly","","","$0.0439 hourly","$0.386 hourly","","","$0.084 hourly"
"D4s v7","D4s v7","16 GiB","4","4 GiB/vCPU","0","0 GiB","$0.265 hourly","","","$0.049 hourly","$0.449 hourly","","","$0.083 hourly"
"D4 v2","D4 v2","28 GiB","8","3.5 GiB/vCPU","0","400 GiB","$0.585 hourly","","","$0.1147 hourly","$0.952 hourly","","","$0.1866 hourly"
"D4 v3","D4 v3","16 GiB","4","4 GiB/vCPU","0","100 GiB","$0.192 hourly","","","$0.0376 hourly","$0.376 hourly","","","$0.0737 hourly"
"D4 v4","D4 v4","16 GiB","4","4 GiB/vCPU","0","0 GiB","$0.192 hourly","","","$0.0405 hourly","$0.376 hourly","","","$0.0793 hourly"
"D4 v5","D4 v5","16 GiB","4","4 GiB/vCPU","0","0 GiB","$0.192 hourly","","","$0.0405 hourly","$0.376 hourly","","","$0.0794 hourly"
"D5 v2","D5 v2","56 GiB","16","3.5 GiB/vCPU","0","800 GiB","$1.17 hourly","","","$0.2293 hourly","$1.904 hourly","","","$0.3732 hourly"
"D64ads v5","D64ads v5","256 GiB","64","4 GiB/vCPU","0","2400 GiB","$3.296 hourly","","","$0.7528 hourly","$6.24 hourly","","","$1.4252 hourly"
"D64ads v6","D64ads v6","256 GiB","64","4 GiB/vCPU","0","3520 GiB","$3.648 hourly","","","$0.7887 hourly","$6.592 hourly","","","$1.4232 hourly"
"D64ads v7","D64ads v7","256 GiB","64","4 GiB/vCPU","0","3520 GiB","$3.648 hourly","","","$0.684 hourly","$6.592 hourly","","","$1.2393 hourly"
"D64alds v6","D64alds v6","128 GiB","64","2 GiB/vCPU","0","3520 GiB","$3.046 hourly","","","$0.6585 hourly","$5.99 hourly","","","$1.2932 hourly"
"D64alds v7","D64alds v7","128 GiB","64","2 GiB/vCPU","0","3520 GiB","$3.046 hourly","","","$0.5711 hourly","$5.99 hourly","","","$1.1261 hourly"
"D64als v6","D64als v6","128 GiB","64","2 GiB/vCPU","0","0 GiB","$2.573 hourly","","","$0.5393 hourly","$5.517 hourly","","","$1.1564 hourly"
"D64als v7","D64als v7","128 GiB","64","2 GiB/vCPU","0","0 GiB","$2.573 hourly","","","$0.4824 hourly","$5.517 hourly","","","$1.0372 hourly"
"D64as v4","D64as v4","256 GiB","64","4 GiB/vCPU","0","512 GiB","$3.072 hourly","","","$0.6706 hourly","$6.016 hourly","","","$1.3133 hourly"
"D64as v5","D64as v5","256 GiB","64","4 GiB/vCPU","0","0 GiB","$2.752 hourly","","","$0.6286 hourly","$5.696 hourly","","","$1.301 hourly"
"D64as v6","D64as v6","256 GiB","64","4 GiB/vCPU","0","0 GiB","$2.906 hourly","","","$0.6091 hourly","$5.85 hourly","","","$1.2262 hourly"
"D64as v7","D64as v7","256 GiB","64","4 GiB/vCPU","0","0 GiB","$2.906 hourly","","","$0.5449 hourly","$5.85 hourly","","","$1.0998 hourly"
"D64a v4","D64a v4","256 GiB","64","4 GiB/vCPU","0","1600 GiB","$3.072 hourly","","","$0.6706 hourly","$6.016 hourly","","","$1.3133 hourly"
"D64ds v4","D64ds v4","256 GiB","64","4 GiB/vCPU","0","2400 GiB","$3.616 hourly","","","$0.7807 hourly","$6.56 hourly","","","$1.4163 hourly"
"D64ds v5","D64ds v5","256 GiB","64","4 GiB/vCPU","0","2400 GiB","$3.616 hourly","","","$0.8006 hourly","$6.56 hourly","","","$1.4524 hourly"
"D64ds v6","D64ds v6","256 GiB","64","4 GiB/vCPU","0","3520 GiB","$3.987 hourly","","","$0.8775 hourly","$6.931 hourly","","","$1.5255 hourly"
"D64ds v7","D64ds v7","256 GiB","64","4 GiB/vCPU","0","3520 GiB","$5.221 hourly","","","$0.9648 hourly","$8.165 hourly","","","$1.5089 hourly"
"D64d v4","D64d v4","256 GiB","64","4 GiB/vCPU","0","2400 GiB","$3.616 hourly","","","$0.7807 hourly","$6.56 hourly","","","$1.4163 hourly"
"D64d v5","D64d v5","256 GiB","64","4 GiB/vCPU","0","2400 GiB","$3.616 hourly","","","$0.8006 hourly","$6.56 hourly","","","$1.4524 hourly"
"D64lds v5","D64lds v5","128 GiB","64","2 GiB/vCPU","0","2400 GiB","$3.072 hourly","","","$0.6801 hourly","$6.016 hourly","","","$1.3319 hourly"
"D64lds v6","D64lds v6","128 GiB","64","2 GiB/vCPU","0","3520 GiB","$3.53 hourly","","","$0.777 hourly","$6.474 hourly","","","$1.4249 hourly"
"D64lds v7","D64lds v7","128 GiB","64","2 GiB/vCPU","0","3520 GiB","$4.435 hourly","","","$0.8196 hourly","$7.379 hourly","","","$1.3636 hourly"
"D64ls v5","D64ls v5","128 GiB","64","2 GiB/vCPU","0","0 GiB","$2.72 hourly","","","$0.5742 hourly","$5.664 hourly","","","$1.1957 hourly"
"D64ls v6","D64ls v6","128 GiB","64","2 GiB/vCPU","0","0 GiB","$2.856 hourly","","","$0.6212 hourly","$5.80 hourly","","","$1.2615 hourly"
"D64ls v7","D64ls v7","128 GiB","64","2 GiB/vCPU","0","0 GiB","$3.748 hourly","","","$0.6926 hourly","$6.692 hourly","","","$1.2367 hourly"
"D64nds v6","D64nds v6","256 GiB","64","4 GiB/vCPU","0","3520 GiB","$5.092 hourly","","","$1.1207 hourly","$8.036 hourly","","","$1.7687 hourly"
"D64nlds v6","D64nlds v6","128 GiB","64","2 GiB/vCPU","0","3520 GiB","$4.482 hourly","","","$0.9865 hourly","$7.426 hourly","","","$1.6345 hourly"
"D64nls v6","D64nls v6","128 GiB","64","2 GiB/vCPU","0","0 GiB","$3.629 hourly","","","$0.7893 hourly","$6.573 hourly","","","$1.4296 hourly"
"D64ns v6","D64ns v6","256 GiB","64","4 GiB/vCPU","0","0 GiB","$4.455 hourly","","","$0.969 hourly","$7.399 hourly","","","$1.6093 hourly"
"Standard D64pds v5","D64pds v5","208 GiB","64","3.25 GiB/vCPU","0","2400 GiB","$2.893 hourly","","","$0.6116 hourly","","","",""
"Standard D64pds v6","D64pds v6","256 GiB","64","4 GiB/vCPU","0","3520 GiB","$2.938 hourly","","","$0.8344 hourly","","","",""
"Standard D64plds v5","D64plds v5","128 GiB","64","2 GiB/vCPU","0","2400 GiB","$2.458 hourly","","","$0.5196 hourly","","","",""
"Standard D64plds v6","D64plds v6","128 GiB","64","2 GiB/vCPU","0","3520 GiB","$2.496 hourly","","","$0.7089 hourly","","","",""
"Standard D64pls v5","D64pls v5","128 GiB","64","2 GiB/vCPU","0","0 GiB","$2.176 hourly","","","$0.46 hourly","","","",""
"Standard D64pls v6","D64pls v6","128 GiB","64","2 GiB/vCPU","0","0 GiB","$1.984 hourly","","","$0.5635 hourly","","","",""
"Standard D64ps v5","D64ps v5","208 GiB","64","3.25 GiB/vCPU","0","0 GiB","$2.464 hourly","","","$0.5209 hourly","","","",""
"Standard D64ps v6","D64ps v6","256 GiB","64","4 GiB/vCPU","0","0 GiB","$2.246 hourly","","","$0.6379 hourly","","","",""
"D64s v3","D64s v3","256 GiB","64","4 GiB/vCPU","0","512 GiB","$3.072 hourly","","","$0.6021 hourly","$6.016 hourly","","","$1.1791 hourly"
"D64s v4","D64s v4","256 GiB","64","4 GiB/vCPU","0","0 GiB","$3.072 hourly","","","$0.6479 hourly","$6.016 hourly","","","$1.2688 hourly"
"D64s v5","D64s v5","256 GiB","64","4 GiB/vCPU","0","0 GiB","$3.072 hourly","","","$0.6485 hourly","$6.016 hourly","","","$1.27 hourly"
"D64s v6","D64s v6","256 GiB","64","4 GiB/vCPU","0","0 GiB","$3.226 hourly","","","$0.7017 hourly","$6.17 hourly","","","$1.342 hourly"
"D64s v7","D64s v7","256 GiB","64","4 GiB/vCPU","0","0 GiB","$4.234 hourly","","","$0.7824 hourly","$7.178 hourly","","","$1.3265 hourly"
"D64 v3","D64 v3","256 GiB","64","4 GiB/vCPU","0","1600 GiB","$3.072 hourly","","","$0.6021 hourly","$6.016 hourly","","","$1.1791 hourly"
"D64 v4","D64 v4","256 GiB","64","4 GiB/vCPU","0","0 GiB","$3.072 hourly","","","$0.6479 hourly","$6.016 hourly","","","$1.2688 hourly"
"D64 v5","D64 v5","256 GiB","64","4 GiB/vCPU","0","0 GiB","$3.072 hourly","","","$0.6485 hourly","$6.016 hourly","","","$1.27 hourly"
"D8ads v5","D8ads v5","32 GiB","8","4 GiB/vCPU","0","300 GiB","$0.412 hourly","","","$0.0941 hourly","$0.78 hourly","","","$0.1782 hourly"
"D8ads v6","D8ads v6","32 GiB","8","4 GiB/vCPU","0","440 GiB","$0.456 hourly","","","$0.0986 hourly","$0.824 hourly","","","$0.1779 hourly"
"D8ads v7","D8ads v7","32 GiB","8","4 GiB/vCPU","0","440 GiB","$0.456 hourly","","","$0.0855 hourly","$0.824 hourly","","","$0.1549 hourly"
"D8alds v6","D8alds v6","16 GiB","8","2 GiB/vCPU","0","440 GiB","$0.381 hourly","","","$0.0824 hourly","$0.749 hourly","","","$0.1617 hourly"
"D8alds v7","D8alds v7","16 GiB","8","2 GiB/vCPU","0","440 GiB","$0.381 hourly","","","$0.0714 hourly","$0.749 hourly","","","$0.1408 hourly"
"D8als v6","D8als v6","16 GiB","8","2 GiB/vCPU","0","0 GiB","$0.322 hourly","","","$0.0675 hourly","$0.69 hourly","","","$0.1446 hourly"
"D8als v7","D8als v7","16 GiB","8","2 GiB/vCPU","0","0 GiB","$0.322 hourly","","","$0.0604 hourly","$0.69 hourly","","","$0.1297 hourly"
"D8as v4","D8as v4","32 GiB","8","4 GiB/vCPU","0","64 GiB","$0.384 hourly","","","$0.0838 hourly","$0.752 hourly","","","$0.1642 hourly"
"D8as v5","D8as v5","32 GiB","8","4 GiB/vCPU","0","0 GiB","$0.344 hourly","","","$0.0786 hourly","$0.712 hourly","","","$0.1626 hourly"
"D8as v6","D8as v6","32 GiB","8","4 GiB/vCPU","0","0 GiB","$0.363 hourly","","","$0.0761 hourly","$0.731 hourly","","","$0.1532 hourly"
"D8as v7","D8as v7","32 GiB","8","4 GiB/vCPU","0","0 GiB","$0.363 hourly","","","$0.0681 hourly","$0.731 hourly","","","$0.1374 hourly"
"D8a v4","D8a v4","32 GiB","8","4 GiB/vCPU","0","200 GiB","$0.384 hourly","","","$0.0838 hourly","$0.752 hourly","","","$0.1642 hourly"
"D8ds v4","D8ds v4","32 GiB","8","4 GiB/vCPU","0","300 GiB","$0.452 hourly","","","$0.0976 hourly","$0.82 hourly","","","$0.177 hourly"
"D8ds v5","D8ds v5","32 GiB","8","4 GiB/vCPU","0","300 GiB","$0.452 hourly","","","$0.1001 hourly","$0.82 hourly","","","$0.1815 hourly"
"D8ds v6","D8ds v6","32 GiB","8","4 GiB/vCPU","0","440 GiB","$0.498 hourly","","","$0.1096 hourly","$0.866 hourly","","","$0.1906 hourly"
"D8ds v7","D8ds v7","32 GiB","8","4 GiB/vCPU","0","440 GiB","$0.653 hourly","","","$0.1207 hourly","$1.021 hourly","","","$0.1887 hourly"
"D8d v4","D8d v4","32 GiB","8","4 GiB/vCPU","0","300 GiB","$0.452 hourly","","","$0.0976 hourly","$0.82 hourly","","","$0.177 hourly"
"D8d v5","D8d v5","32 GiB","8","4 GiB/vCPU","0","300 GiB","$0.452 hourly","","","$0.1001 hourly","$0.82 hourly","","","$0.1815 hourly"
"D8lds v5","D8lds v5","16 GiB","8","2 GiB/vCPU","0","300 GiB","$0.384 hourly","","","$0.085 hourly","$0.752 hourly","","","$0.1665 hourly"
"D8lds v6","D8lds v6","16 GiB","8","2 GiB/vCPU","0","440 GiB","$0.441 hourly","","","$0.0971 hourly","$0.809 hourly","","","$0.1781 hourly"
"D8lds v7","D8lds v7","16 GiB","8","2 GiB/vCPU","0","440 GiB","$0.554 hourly","","","$0.1024 hourly","$0.922 hourly","","","$0.1704 hourly"
"D8ls v5","D8ls v5","16 GiB","8","2 GiB/vCPU","0","0 GiB","$0.34 hourly","","","$0.0718 hourly","$0.708 hourly","","","$0.1495 hourly"
"D8ls v6","D8ls v6","16 GiB","8","2 GiB/vCPU","0","0 GiB","$0.357 hourly","","","$0.0776 hourly","$0.725 hourly","","","$0.1577 hourly"
"D8ls v7","D8ls v7","16 GiB","8","2 GiB/vCPU","0","0 GiB","$0.469 hourly","","","$0.0867 hourly","$0.837 hourly","","","$0.1547 hourly"
"D8nds v6","D8nds v6","32 GiB","8","4 GiB/vCPU","0","440 GiB","$0.636 hourly","","","$0.14 hourly","$1.004 hourly","","","$0.221 hourly"
"D8nlds v6","D8nlds v6","16 GiB","8","2 GiB/vCPU","0","440 GiB","$0.56 hourly","","","$0.1233 hourly","$0.928 hourly","","","$0.2043 hourly"
"D8nls v6","D8nls v6","16 GiB","8","2 GiB/vCPU","0","0 GiB","$0.454 hourly","","","$0.0987 hourly","$0.822 hourly","","","$0.1788 hourly"
"D8ns v6","D8ns v6","32 GiB","8","4 GiB/vCPU","0","0 GiB","$0.557 hourly","","","$0.1211 hourly","$0.925 hourly","","","$0.2012 hourly"
"Standard D8pds v5","D8pds v5","32 GiB","8","4 GiB/vCPU","0","300 GiB","$0.362 hourly","","","$0.0765 hourly","","","",""
"Standard D8pds v6","D8pds v6","32 GiB","8","4 GiB/vCPU","0","440 GiB","$0.367 hourly","","","$0.1042 hourly","","","",""
"Standard D8plds v5","D8plds v5","16 GiB","8","2 GiB/vCPU","0","300 GiB","$0.307 hourly","","","$0.0649 hourly","","","",""
"Standard D8plds v6","D8plds v6","16 GiB","8","2 GiB/vCPU","0","440 GiB","$0.312 hourly","","","$0.0886 hourly","","","",""
"Standard D8pls v5","D8pls v5","16 GiB","8","2 GiB/vCPU","0","0 GiB","$0.272 hourly","","","$0.0575 hourly","","","",""
"Standard D8pls v6","D8pls v6","16 GiB","8","2 GiB/vCPU","0","0 GiB","$0.248 hourly","","","$0.0704 hourly","","","",""
"Standard D8ps v5","D8ps v5","32 GiB","8","4 GiB/vCPU","0","0 GiB","$0.308 hourly","","","$0.0651 hourly","","","",""
"Standard D8ps v6","D8ps v6","32 GiB","8","4 GiB/vCPU","0","0 GiB","$0.281 hourly","","","$0.0798 hourly","","","",""
"D8s v3","D8s v3","32 GiB","8","4 GiB/vCPU","0","64 GiB","$0.384 hourly","","","$0.0753 hourly","$0.752 hourly","","","$0.1474 hourly"
"D8s v4","D8s v4","32 GiB","8","4 GiB/vCPU","0","0 GiB","$0.384 hourly","","","$0.081 hourly","$0.752 hourly","","","$0.1586 hourly"
"D8s v5","D8s v5","32 GiB","8","4 GiB/vCPU","0","0 GiB","$0.384 hourly","","","$0.0811 hourly","$0.752 hourly","","","$0.1587 hourly"
"D8s v6","D8s v6","32 GiB","8","4 GiB/vCPU","0","0 GiB","$0.403 hourly","","","$0.0877 hourly","$0.771 hourly","","","$0.1677 hourly"
"D8s v7","D8s v7","32 GiB","8","4 GiB/vCPU","0","0 GiB","$0.529 hourly","","","$0.0978 hourly","$0.897 hourly","","","$0.1658 hourly"
"D8 v3","D8 v3","32 GiB","8","4 GiB/vCPU","0","200 GiB","$0.384 hourly","","","$0.0753 hourly","$0.752 hourly","","","$0.1474 hourly"
"D8 v4","D8 v4","32 GiB","8","4 GiB/vCPU","0","0 GiB","$0.384 hourly","","","$0.081 hourly","$0.752 hourly","","","$0.1586 hourly"
"D8 v5","D8 v5","32 GiB","8","4 GiB/vCPU","0","0 GiB","$0.384 hourly","","","$0.0811 hourly","$0.752 hourly","","","$0.1587 hourly"
"D96ads v5","D96ads v5","384 GiB","96","4 GiB/vCPU","0","3600 GiB","$4.944 hourly","","","$1.1292 hourly","$9.36 hourly","","","$2.1378 hourly"
"D96ads v6","D96ads v6","384 GiB","96","4 GiB/vCPU","0","5280 GiB","$5.472 hourly","","","$1.183 hourly","$9.888 hourly","","","$2.1348 hourly"
"D96ads v7","D96ads v7","384 GiB","96","4 GiB/vCPU","0","5280 GiB","$5.472 hourly","","","$1.026 hourly","$9.888 hourly","","","$1.8589 hourly"
"D96alds v6","D96alds v6","192 GiB","96","2 GiB/vCPU","0","5280 GiB","$4.57 hourly","","","$0.988 hourly","$8.986 hourly","","","$1.9401 hourly"
"D96alds v7","D96alds v7","192 GiB","96","2 GiB/vCPU","0","5280 GiB","$4.57 hourly","","","$0.8569 hourly","$8.986 hourly","","","$1.6894 hourly"
"D96als v6","D96als v6","192 GiB","96","2 GiB/vCPU","0","0 GiB","$3.859 hourly","","","$0.8088 hourly","$8.275 hourly","","","$1.7344 hourly"
"D96als v7","D96als v7","192 GiB","96","2 GiB/vCPU","0","0 GiB","$3.859 hourly","","","$0.7236 hourly","$8.275 hourly","","","$1.5557 hourly"
"D96as v4","D96as v4","384 GiB","96","4 GiB/vCPU","0","768 GiB","$4.608 hourly","","","$1.0059 hourly","$9.024 hourly","","","$1.9699 hourly"
"D96as v5","D96as v5","384 GiB","96","4 GiB/vCPU","0","0 GiB","$4.128 hourly","","","$0.9428 hourly","$8.544 hourly","","","$1.9515 hourly"
"D96as v6","D96as v6","384 GiB","96","4 GiB/vCPU","0","0 GiB","$4.358 hourly","","","$0.9134 hourly","$8.774 hourly","","","$1.839 hourly"
"D96as v7","D96as v7","384 GiB","96","4 GiB/vCPU","0","0 GiB","$4.358 hourly","","","$0.8171 hourly","$8.774 hourly","","","$1.6495 hourly"
"D96a v4","D96a v4","384 GiB","96","4 GiB/vCPU","0","2400 GiB","$4.608 hourly","","","$1.0059 hourly","$9.024 hourly","","","$1.9699 hourly"
"D96ds v5","D96ds v5","384 GiB","96","4 GiB/vCPU","0","3600 GiB","$5.424 hourly","","","$1.2009 hourly","$9.84 hourly","","","$2.1786 hourly"
"D96ds v6","D96ds v6","384 GiB","96","4 GiB/vCPU","0","5280 GiB","$5.98 hourly","","","$1.3162 hourly","$10.396 hourly","","","$2.2882 hourly"
"D96ds v7","D96ds v7","384 GiB","96","4 GiB/vCPU","0","5280 GiB","$7.832 hourly","","","$1.4474 hourly","$12.248 hourly","","","$2.2634 hourly"
"D96d v5","D96d v5","384 GiB","96","4 GiB/vCPU","0","3600 GiB","$5.424 hourly","","","$1.2009 hourly","$9.84 hourly","","","$2.1786 hourly"
"D96lds v5","D96lds v5","192 GiB","96","2 GiB/vCPU","0","3600 GiB","$4.608 hourly","","","$1.0202 hourly","$9.024 hourly","","","$1.9979 hourly"
"D96lds v6","D96lds v6","192 GiB","96","2 GiB/vCPU","0","5280 GiB","$5.295 hourly","","","$1.1654 hourly","$9.711 hourly","","","$2.1374 hourly"
"D96lds v7","D96lds v7","192 GiB","96","2 GiB/vCPU","0","5280 GiB","$6.653 hourly","","","$1.2295 hourly","$11.069 hourly","","","$2.0456 hourly"
"D96ls v5","D96ls v5","192 GiB","96","2 GiB/vCPU","0","0 GiB","$4.08 hourly","","","$0.8613 hourly","$8.496 hourly","","","$1.7935 hourly"
"D96ls v6","D96ls v6","192 GiB","96","2 GiB/vCPU","0","0 GiB","$4.284 hourly","","","$0.9318 hourly","$8.70 hourly","","","$1.8923 hourly"
"D96ls v7","D96ls v7","192 GiB","96","2 GiB/vCPU","0","0 GiB","$5.623 hourly","","","$1.0391 hourly","$10.039 hourly","","","$1.8552 hourly"
"D96nds v6","D96nds v6","384 GiB","96","4 GiB/vCPU","0","5280 GiB","$7.638 hourly","","","$1.6811 hourly","$12.054 hourly","","","$2.6531 hourly"
"D96nlds v6","D96nlds v6","192 GiB","96","2 GiB/vCPU","0","5280 GiB","$6.722 hourly","","","$1.4795 hourly","$11.138 hourly","","","$2.4515 hourly"
"D96nls v6","D96nls v6","192 GiB","96","2 GiB/vCPU","0","0 GiB","$5.443 hourly","","","$1.1839 hourly","$9.859 hourly","","","$2.1443 hourly"
"D96ns v6","D96ns v6","384 GiB","96","4 GiB/vCPU","0","0 GiB","$6.683 hourly","","","$1.4536 hourly","$11.099 hourly","","","$2.414 hourly"
"Standard D96pds v6","D96pds v6","384 GiB","96","4 GiB/vCPU","0","5280 GiB","$4.406 hourly","","","$1.2513 hourly","","","",""
"Standard D96plds v6","D96plds v6","192 GiB","96","2 GiB/vCPU","0","5280 GiB","$3.744 hourly","","","$1.0633 hourly","","","",""
"Standard D96pls v6","D96pls v6","192 GiB","96","2 GiB/vCPU","0","0 GiB","$2.976 hourly","","","$0.8452 hourly","","","",""
"Standard D96ps v6","D96ps v6","384 GiB","96","4 GiB/vCPU","0","0 GiB","$3.37 hourly","","","$0.9571 hourly","","","",""
"D96s v5","D96s v5","384 GiB","96","4 GiB/vCPU","0","0 GiB","$4.608 hourly","","","$0.9727 hourly","$9.024 hourly","","","$1.905 hourly"
"D96s v6","D96s v6","384 GiB","96","4 GiB/vCPU","0","0 GiB","$4.838 hourly","","","$1.0523 hourly","$9.254 hourly","","","$2.0127 hourly"
"D96s v7","D96s v7","384 GiB","96","4 GiB/vCPU","0","0 GiB","$6.35 hourly","","","$1.1735 hourly","$10.766 hourly","","","$1.9896 hourly"
"D96 v5","D96 v5","384 GiB","96","4 GiB/vCPU","0","0 GiB","$4.608 hourly","","","$0.9727 hourly","$9.024 hourly","","","$1.905 hourly"
"DC128eds v6","DC128eds v6","512 GiB","128","4 GiB/vCPU","0","7040 GiB","$7.973 hourly","","","$1.4734 hourly","$13.861 hourly","","","$2.5615 hourly"
"DC128es v6","DC128es v6","512 GiB","128","4 GiB/vCPU","0","0 GiB","$6.451 hourly","","","$1.1921 hourly","$12.339 hourly","","","$2.2802 hourly"
"DC16ads v5","DC16ads v5","64 GiB","16","4 GiB/vCPU","0","600 GiB","$0.824 hourly","","","$0.1739 hourly","$1.56 hourly","","","$0.3293 hourly"
"DC16ads v6","DC16ads v6","64 GiB","16","4 GiB/vCPU","0","600 GiB","$0.912 hourly","","","$0.1924 hourly","$1.648 hourly","","","$0.3477 hourly"
"DC16as v5","DC16as v5","64 GiB","16","4 GiB/vCPU","0","0 GiB","$0.688 hourly","","","$0.1452 hourly","$1.424 hourly","","","$0.3006 hourly"
"DC16as v6","DC16as v6","64 GiB","16","4 GiB/vCPU","0","0 GiB","$0.726 hourly","","","$0.1532 hourly","$1.462 hourly","","","$0.3085 hourly"
"DC16ds v3","DC16ds v3","128 GiB","16","8 GiB/vCPU","0","1200 GiB","$1.808 hourly","","","$0.3793 hourly","$2.544 hourly","","","$0.5337 hourly"
"DC16eds v6","DC16eds v6","64 GiB","16","4 GiB/vCPU","0","880 GiB","$0.997 hourly","","","$0.1842 hourly","$1.733 hourly","","","$0.3203 hourly"
"DC16es v6","DC16es v6","64 GiB","16","4 GiB/vCPU","0","0 GiB","$0.806 hourly","","","$0.1489 hourly","$1.542 hourly","","","$0.285 hourly"
"DC16s v3","DC16s v3","128 GiB","16","8 GiB/vCPU","0","0 GiB","$1.536 hourly","","","$0.3223 hourly","$2.272 hourly","","","$0.4767 hourly"
"DC1ds v3","DC1ds v3","8 GiB","1","8 GiB/vCPU","0","75 GiB","$0.113 hourly","","","$0.0237 hourly","$0.159 hourly","","","$0.0334 hourly"
"DC1s v2","DC1s v2","4 GiB","1","4 GiB/vCPU","0","50 GiB","$0.096 hourly","","","$0.0196 hourly","$0.142 hourly","","","$0.0289 hourly"
"DC1s v3","DC1s v3","8 GiB","1","8 GiB/vCPU","0","0 GiB","$0.096 hourly","","","$0.0201 hourly","$0.142 hourly","","","$0.0298 hourly"
"DC24ds v3","DC24ds v3","192 GiB","24","8 GiB/vCPU","0","1800 GiB","$2.712 hourly","","","$0.569 hourly","$3.816 hourly","","","$0.8006 hourly"
"DC24s v3","DC24s v3","192 GiB","24","8 GiB/vCPU","0","0 GiB","$2.304 hourly","","","$0.4834 hourly","$3.408 hourly","","","$0.715 hourly"
"DC2ads v5","DC2ads v5","8 GiB","2","4 GiB/vCPU","0","75 GiB","$0.103 hourly","","","$0.0217 hourly","$0.195 hourly","","","$0.0412 hourly"
"DC2ads v6","DC2ads v6","8 GiB","2","4 GiB/vCPU","0","75 GiB","$0.114 hourly","","","$0.0241 hourly","$0.206 hourly","","","$0.0435 hourly"
"DC2as v5","DC2as v5","8 GiB","2","4 GiB/vCPU","0","0 GiB","$0.086 hourly","","","$0.0182 hourly","$0.178 hourly","","","$0.0376 hourly"
"DC2as v6","DC2as v6","8 GiB","2","4 GiB/vCPU","0","0 GiB","$0.0908 hourly","","","$0.0192 hourly","$0.183 hourly","","","$0.0386 hourly"
"DC2ds v3","DC2ds v3","16 GiB","2","8 GiB/vCPU","0","150 GiB","$0.226 hourly","","","$0.0474 hourly","$0.318 hourly","","","$0.0667 hourly"
"DC2eds v6","DC2eds v6","8 GiB","2","4 GiB/vCPU","0","110 GiB","$0.125 hourly","","","$0.0231 hourly","$0.217 hourly","","","$0.0401 hourly"
"DC2es v6","DC2es v6","8 GiB","2","4 GiB/vCPU","0","0 GiB","$0.101 hourly","","","$0.0187 hourly","$0.193 hourly","","","$0.0357 hourly"
"DC2s v2","DC2s v2","8 GiB","2","4 GiB/vCPU","0","100 GiB","$0.192 hourly","","","$0.0391 hourly","$0.284 hourly","","","$0.0578 hourly"
"DC2s v3","DC2s v3","16 GiB","2","8 GiB/vCPU","0","0 GiB","$0.192 hourly","","","$0.0403 hourly","$0.284 hourly","","","$0.0596 hourly"
"DC32ads v5","DC32ads v5","128 GiB","32","4 GiB/vCPU","0","1200 GiB","$1.648 hourly","","","$0.3479 hourly","$3.12 hourly","","","$0.6586 hourly"
"DC32ads v6","DC32ads v6","128 GiB","32","4 GiB/vCPU","0","1200 GiB","$1.824 hourly","","","$0.3849 hourly","$3.296 hourly","","","$0.6955 hourly"
"DC32as v5","DC32as v5","128 GiB","32","4 GiB/vCPU","0","0 GiB","$1.376 hourly","","","$0.2905 hourly","$2.848 hourly","","","$0.6012 hourly"
"DC32as v6","DC32as v6","128 GiB","32","4 GiB/vCPU","0","0 GiB","$1.453 hourly","","","$0.3066 hourly","$2.925 hourly","","","$0.6172 hourly"
"DC32ds v3","DC32ds v3","256 GiB","32","8 GiB/vCPU","0","2400 GiB","$3.616 hourly","","","$0.7586 hourly","$5.088 hourly","","","$1.0675 hourly"
"DC32eds v6","DC32eds v6","128 GiB","32","4 GiB/vCPU","0","1760 GiB","$1.993 hourly","","","$0.3683 hourly","$3.465 hourly","","","$0.6403 hourly"
"DC32es v6","DC32es v6","128 GiB","32","4 GiB/vCPU","0","0 GiB","$1.613 hourly","","","$0.2981 hourly","$3.085 hourly","","","$0.5701 hourly"
"DC32s v3","DC32s v3","256 GiB","32","8 GiB/vCPU","0","0 GiB","$3.072 hourly","","","$0.6445 hourly","$4.544 hourly","","","$0.9533 hourly"
"DC48ads v5","DC48ads v5","192 GiB","48","4 GiB/vCPU","0","1800 GiB","$2.472 hourly","","","$0.5218 hourly","$4.68 hourly","","","$0.9879 hourly"
"DC48ads v6","DC48ads v6","192 GiB","48","4 GiB/vCPU","0","1800 GiB","$2.736 hourly","","","$0.5773 hourly","$4.944 hourly","","","$1.0432 hourly"
"DC48as v5","DC48as v5","192 GiB","48","4 GiB/vCPU","0","0 GiB","$2.064 hourly","","","$0.4357 hourly","$4.272 hourly","","","$0.9018 hourly"
"DC48as v6","DC48as v6","192 GiB","48","4 GiB/vCPU","0","0 GiB","$2.179 hourly","","","$0.4598 hourly","$4.387 hourly","","","$0.9257 hourly"
"DC48ds v3","DC48ds v3","384 GiB","48","8 GiB/vCPU","0","2400 GiB","$5.424 hourly","","","$1.138 hourly","$7.632 hourly","","","$1.6012 hourly"
"DC48eds v6","DC48eds v6","192 GiB","48","4 GiB/vCPU","0","2640 GiB","$2.99 hourly","","","$0.5526 hourly","$5.198 hourly","","","$0.9606 hourly"
"DC48es v6","DC48es v6","192 GiB","48","4 GiB/vCPU","0","0 GiB","$2.419 hourly","","","$0.447 hourly","$4.627 hourly","","","$0.8551 hourly"
"DC48s v3","DC48s v3","384 GiB","48","8 GiB/vCPU","0","0 GiB","$4.608 hourly","","","$0.9668 hourly","$6.816 hourly","","","$1.43 hourly"
"DC4ads v5","DC4ads v5","16 GiB","4","4 GiB/vCPU","0","150 GiB","$0.206 hourly","","","$0.0435 hourly","$0.39 hourly","","","$0.0823 hourly"
"DC4ads v6","DC4ads v6","16 GiB","4","4 GiB/vCPU","0","150 GiB","$0.228 hourly","","","$0.0481 hourly","$0.412 hourly","","","$0.0869 hourly"
"DC4as v5","DC4as v5","16 GiB","4","4 GiB/vCPU","0","0 GiB","$0.172 hourly","","","$0.0363 hourly","$0.356 hourly","","","$0.0752 hourly"
"DC4as v6","DC4as v6","16 GiB","4","4 GiB/vCPU","0","0 GiB","$0.182 hourly","","","$0.0384 hourly","$0.366 hourly","","","$0.0772 hourly"
"DC4ds v3","DC4ds v3","32 GiB","4","8 GiB/vCPU","0","300 GiB","$0.452 hourly","","","$0.0948 hourly","$0.636 hourly","","","$0.1334 hourly"
"DC4eds v6","DC4eds v6","16 GiB","4","4 GiB/vCPU","0","220 GiB","$0.249 hourly","","","$0.046 hourly","$0.433 hourly","","","$0.08 hourly"
"DC4es v6","DC4es v6","16 GiB","4","4 GiB/vCPU","0","0 GiB","$0.202 hourly","","","$0.0373 hourly","$0.386 hourly","","","$0.0713 hourly"
"DC4s v2","DC4s v2","16 GiB","4","4 GiB/vCPU","0","200 GiB","$0.384 hourly","","","$0.0782 hourly","$0.568 hourly","","","$0.1156 hourly"
"DC4s v3","DC4s v3","32 GiB","4","8 GiB/vCPU","0","0 GiB","$0.384 hourly","","","$0.0806 hourly","$0.568 hourly","","","$0.1192 hourly"
"DC64ads v5","DC64ads v5","256 GiB","64","4 GiB/vCPU","0","2400 GiB","$3.296 hourly","","","$0.6958 hourly","$6.24 hourly","","","$1.3173 hourly"
"DC64ads v6","DC64ads v6","256 GiB","64","4 GiB/vCPU","0","2400 GiB","$3.648 hourly","","","$0.7697 hourly","$6.592 hourly","","","$1.3909 hourly"
"DC64as v5","DC64as v5","256 GiB","64","4 GiB/vCPU","0","0 GiB","$2.752 hourly","","","$0.5809 hourly","$5.696 hourly","","","$1.2024 hourly"
"DC64as v6","DC64as v6","256 GiB","64","4 GiB/vCPU","0","0 GiB","$2.906 hourly","","","$0.6132 hourly","$5.85 hourly","","","$1.2344 hourly"
"DC64eds v6","DC64eds v6","256 GiB","64","4 GiB/vCPU","0","3520 GiB","$3.987 hourly","","","$0.7368 hourly","$6.931 hourly","","","$1.2808 hourly"
"DC64es v6","DC64es v6","256 GiB","64","4 GiB/vCPU","0","0 GiB","$3.226 hourly","","","$0.5962 hourly","$6.17 hourly","","","$1.1402 hourly"
"DC8ads v5","DC8ads v5","32 GiB","8","4 GiB/vCPU","0","300 GiB","$0.412 hourly","","","$0.087 hourly","$0.78 hourly","","","$0.1647 hourly"
"DC8ads v6","DC8ads v6","32 GiB","8","4 GiB/vCPU","0","300 GiB","$0.456 hourly","","","$0.0962 hourly","$0.824 hourly","","","$0.1739 hourly"
"DC8as v5","DC8as v5","32 GiB","8","4 GiB/vCPU","0","0 GiB","$0.344 hourly","","","$0.0726 hourly","$0.712 hourly","","","$0.1503 hourly"
"DC8as v6","DC8as v6","32 GiB","8","4 GiB/vCPU","0","0 GiB","$0.363 hourly","","","$0.0766 hourly","$0.731 hourly","","","$0.1542 hourly"
"DC8ds v3","DC8ds v3","64 GiB","8","8 GiB/vCPU","0","600 GiB","$0.904 hourly","","","$0.1897 hourly","$1.272 hourly","","","$0.2669 hourly"
"DC8eds v6","DC8eds v6","32 GiB","8","4 GiB/vCPU","0","440 GiB","$0.498 hourly","","","$0.092 hourly","$0.866 hourly","","","$0.16 hourly"
"DC8es v6","DC8es v6","32 GiB","8","4 GiB/vCPU","0","0 GiB","$0.403 hourly","","","$0.0745 hourly","$0.771 hourly","","","$0.1425 hourly"
"DC8 v2","DC8 v2","32 GiB","8","4 GiB/vCPU","0","400 GiB","$0.768 hourly","","","$0.1564 hourly","$1.136 hourly","","","$0.2313 hourly"
"DC8s v3","DC8s v3","64 GiB","8","8 GiB/vCPU","0","0 GiB","$0.768 hourly","","","$0.1611 hourly","$1.136 hourly","","","$0.2383 hourly"
"DC96ads v5","DC96ads v5","384 GiB","96","4 GiB/vCPU","0","3600 GiB","$4.944 hourly","","","$1.0437 hourly","$9.36 hourly","","","$1.9759 hourly"
"DC96ads v6","DC96ads v6","384 GiB","96","4 GiB/vCPU","0","3600 GiB","$5.472 hourly","","","$1.1546 hourly","$9.888 hourly","","","$2.0864 hourly"
"DC96as v5","DC96as v5","384 GiB","96","4 GiB/vCPU","0","0 GiB","$4.128 hourly","","","$0.8714 hourly","$8.544 hourly","","","$1.8036 hourly"
"DC96as v6","DC96as v6","384 GiB","96","4 GiB/vCPU","0","0 GiB","$4.358 hourly","","","$0.9195 hourly","$8.774 hourly","","","$1.8513 hourly"
"DC96eds v6","DC96eds v6","384 GiB","96","4 GiB/vCPU","0","5280 GiB","$5.98 hourly","","","$1.1051 hourly","$10.396 hourly","","","$1.9212 hourly"
"DC96es v6","DC96es v6","384 GiB","96","4 GiB/vCPU","0","0 GiB","$4.838 hourly","","","$0.8941 hourly","$9.254 hourly","","","$1.7101 hourly"
"DS11-1 v2","DS11-1 v2","14 GiB","2","7 GiB/vCPU","0","28 GiB","$0.185 hourly","","","$0.0363 hourly","$0.238 hourly","","","$0.0466 hourly"
"DS11 v2","DS11 v2","14 GiB","2","7 GiB/vCPU","0","28 GiB","$0.185 hourly","","","$0.0363 hourly","$0.238 hourly","","","$0.0466 hourly"
"DS12-2 v2","DS12-2 v2","28 GiB","4","7 GiB/vCPU","0","56 GiB","$0.371 hourly","","","$0.0727 hourly","$0.528 hourly","","","$0.1035 hourly"
"DS12 v2","DS12 v2","28 GiB","4","7 GiB/vCPU","0","56 GiB","$0.371 hourly","","","$0.0727 hourly","$0.476 hourly","","","$0.0933 hourly"
"DS13-4 v2","DS13-4 v2","56 GiB","8","7 GiB/vCPU","0","112 GiB","$0.741 hourly","","","$0.1452 hourly","$0.952 hourly","","","$0.1866 hourly"
"DS13 v2","DS13 v2","56 GiB","8","7 GiB/vCPU","0","112 GiB","$0.741 hourly","","","$0.1452 hourly","$0.952 hourly","","","$0.1866 hourly"
"DS14-8 v2","DS14-8 v2","112 GiB","16","7 GiB/vCPU","0","224 GiB","$1.482 hourly","","","$0.2905 hourly","$1.904 hourly","","","$0.3732 hourly"
"DS14 v2","DS14 v2","112 GiB","16","7 GiB/vCPU","0","224 GiB","$1.482 hourly","","","$0.2905 hourly","$1.904 hourly","","","$0.3732 hourly"
"DS15i v2","DS15i v2","140 GiB","20","7 GiB/vCPU","0","280 GiB","$1.853 hourly","","","$0.3632 hourly","$2.38 hourly","","","$0.4665 hourly"
"DS15 v2","DS15 v2","140 GiB","20","7 GiB/vCPU","0","280 GiB","$1.853 hourly","","","$0.3632 hourly","$2.38 hourly","","","$0.4665 hourly"
"DS1 v2","DS1 v2","3.5 GiB","1","3.5 GiB/vCPU","0","7 GiB","$0.073 hourly","","","$0.0143 hourly","$0.119 hourly","","","$0.0233 hourly"
"DS2 v2","DS2 v2","7 GiB","2","3.5 GiB/vCPU","0","14 GiB","$0.146 hourly","","","$0.0286 hourly","$0.238 hourly","","","$0.0466 hourly"
"DS3 v2","DS3 v2","14 GiB","4","3.5 GiB/vCPU","0","28 GiB","$0.293 hourly","","","$0.0574 hourly","$0.476 hourly","","","$0.0933 hourly"
"DS4 v2","DS4 v2","28 GiB","8","3.5 GiB/vCPU","0","56 GiB","$0.585 hourly","","","$0.1147 hourly","$0.952 hourly","","","$0.1866 hourly"
"DS5 v2","DS5 v2","56 GiB","16","3.5 GiB/vCPU","0","112 GiB","$1.17 hourly","","","$0.2293 hourly","$1.904 hourly","","","$0.3732 hourly"
"E104ids v5","E104ids v5","672 GiB","104","6.46 GiB/vCPU","0","3800 GiB","$8.237 hourly","","","$1.7322 hourly","$13.021 hourly","","","$2.7383 hourly"
"E104id v5","E104id v5","672 GiB","104","6.46 GiB/vCPU","0","3800 GiB","$8.237 hourly","","","$1.7322 hourly","$13.021 hourly","","","$2.7383 hourly"
"E104is v5","E104is v5","672 GiB","104","6.46 GiB/vCPU","0","0 GiB","$7.207 hourly","","","$1.5178 hourly","$11.991 hourly","","","$2.5253 hourly"
"E104i v5","E104i v5","672 GiB","104","6.46 GiB/vCPU","0","0 GiB","$7.207 hourly","","","$1.5178 hourly","$11.991 hourly","","","$2.5253 hourly"
"E112ibds v5","E112ibds v5","672 GiB","112","6 GiB/vCPU","0","3800 GiB","$10.287 hourly","","","$2.1634 hourly","$15.439 hourly","","","$3.2468 hourly"
"E112ibs v5","E112ibs v5","672 GiB","112","6 GiB/vCPU","0","0 GiB","$9.178 hourly","","","$1.9329 hourly","$14.33 hourly","","","$3.0179 hourly"
"E128-64s v6","E128-64s v6","1024 GiB","128","8 GiB/vCPU","0","0 GiB","$7.629 hourly","","","$1.4236 hourly","$13.517 hourly","","","$2.525 hourly"
"E128ads v7","E128ads v7","1024 GiB","128","8 GiB/vCPU","0","7040 GiB","$9.293 hourly","","","$1.7341 hourly","$15.181 hourly","","","$2.8358 hourly"
"E128as v7","E128as v7","1024 GiB","128","8 GiB/vCPU","0","0 GiB","$7.629 hourly","","","$1.4236 hourly","$13.517 hourly","","","$2.525 hourly"
"E128bds v6","E128bds v6","1024 GiB","128","8 GiB/vCPU","0","7040 GiB","$12.506 hourly","","","$2.5012 hourly","$18.394 hourly","","","$3.6788 hourly"
"E128bs v6","E128bs v6","1024 GiB","128","8 GiB/vCPU","0","0 GiB","$11.162 hourly","","","$2.315 hourly","$17.05 hourly","","","$3.5362 hourly"
"E128ds v6","E128ds v6","1024 GiB","128","8 GiB/vCPU","0","7040 GiB","$10.465 hourly","","","$2.1851 hourly","$16.353 hourly","","","$3.4145 hourly"
"E128ds v7","E128ds v7","1024 GiB","128","8 GiB/vCPU","0","7040 GiB","$13.306 hourly","","","$2.4589 hourly","$19.194 hourly","","","$3.5471 hourly"
"E128nds v6","E128nds v6","1024 GiB","128","8 GiB/vCPU","0","7040 GiB","$12.505 hourly","","","$2.611 hourly","$18.393 hourly","","","$3.8405 hourly"
"E128ns v6","E128ns v6","1024 GiB","128","8 GiB/vCPU","0","0 GiB","$11.157 hourly","","","$2.314 hourly","$17.045 hourly","","","$3.5351 hourly"
"E128s v6","E128s v6","1024 GiB","128","8 GiB/vCPU","0","0 GiB","$8.467 hourly","","","$1.7561 hourly","$14.355 hourly","","","$2.9772 hourly"
"E128s v7","E128s v7","1024 GiB","128","8 GiB/vCPU","0","0 GiB","$11.114 hourly","","","$2.0539 hourly","$17.002 hourly","","","$3.142 hourly"
"E16-8s v6","E16-8s v6","128 GiB","16","8 GiB/vCPU","0","0 GiB","$1.162 hourly","","","$0.2168 hourly","$1.888 hourly","","","$0.3969 hourly"
"E160ads v7","E160ads v7","1280 GiB","160","8 GiB/vCPU","0","8800 GiB","$11.616 hourly","","","$2.1675 hourly","$18.976 hourly","","","$3.5447 hourly"
"E160as v7","E160as v7","1280 GiB","160","8 GiB/vCPU","0","0 GiB","$9.536 hourly","","","$1.7794 hourly","$16.896 hourly","","","$3.1562 hourly"
"E16ads v5","E16ads v5","128 GiB","16","8 GiB/vCPU","0","600 GiB","$1.048 hourly","","","$0.2338 hourly","$1.784 hourly","","","$0.398 hourly"
"E16ads v6","E16ads v6","128 GiB","16","8 GiB/vCPU","0","880 GiB","$1.162 hourly","","","$0.2436 hourly","$1.898 hourly","","","$0.3978 hourly"
"E16ads v7","E16ads v7","128 GiB","16","8 GiB/vCPU","0","880 GiB","$1.162 hourly","","","$0.2168 hourly","$1.898 hourly","","","$0.3545 hourly"
"E16as v4","E16as v4","128 GiB","16","8 GiB/vCPU","0","256 GiB","$1.008 hourly","","","$0.2256 hourly","$1.744 hourly","","","$0.3903 hourly"
"E16as v5","E16as v5","128 GiB","16","8 GiB/vCPU","0","0 GiB","$0.904 hourly","","","$0.2017 hourly","$1.64 hourly","","","$0.3659 hourly"
"E16as v6","E16as v6","128 GiB","16","8 GiB/vCPU","0","0 GiB","$0.954 hourly","","","$0.20 hourly","$1.69 hourly","","","$0.3542 hourly"
"E16as v7","E16as v7","128 GiB","16","8 GiB/vCPU","0","0 GiB","$0.954 hourly","","","$0.178 hourly","$1.69 hourly","","","$0.3157 hourly"
"E16a v4","E16a v4","128 GiB","16","8 GiB/vCPU","0","400 GiB","$1.008 hourly","","","$0.2256 hourly","$1.744 hourly","","","$0.3903 hourly"
"E16bds v5","E16bds v5","128 GiB","16","8 GiB/vCPU","0","600 GiB","$1.336 hourly","","","$0.281 hourly","$2.072 hourly","","","$0.4357 hourly"
"E16bds v6","E16bds v6","128 GiB","16","8 GiB/vCPU","0","880 GiB","$1.563 hourly","","","$0.3264 hourly","$2.299 hourly","","","$0.48 hourly"
"E16bs v5","E16bs v5","128 GiB","16","8 GiB/vCPU","0","0 GiB","$1.192 hourly","","","$0.251 hourly","$1.928 hourly","","","$0.406 hourly"
"E16bs v6","E16bs v6","128 GiB","16","8 GiB/vCPU","0","0 GiB","$1.395 hourly","","","$0.279 hourly","$2.131 hourly","","","$0.4262 hourly"
"E16ds v4","E16ds v4","128 GiB","16","8 GiB/vCPU","0","600 GiB","$1.152 hourly","","","$0.2422 hourly","$1.888 hourly","","","$0.3969 hourly"
"E16ds v5","E16ds v5","128 GiB","16","8 GiB/vCPU","0","600 GiB","$1.152 hourly","","","$0.2423 hourly","$1.888 hourly","","","$0.397 hourly"
"E16ds v6","E16ds v6","128 GiB","16","8 GiB/vCPU","0","880 GiB","$1.308 hourly","","","$0.2731 hourly","$2.044 hourly","","","$0.4268 hourly"
"E16ds v7","E16ds v7","128 GiB","16","8 GiB/vCPU","0","880 GiB","$1.663 hourly","","","$0.3073 hourly","$2.399 hourly","","","$0.4433 hourly"
"E16d v4","E16d v4","128 GiB","16","8 GiB/vCPU","0","600 GiB","$1.152 hourly","","","$0.2422 hourly","$1.888 hourly","","","$0.3969 hourly"
"E16d v5","E16d v5","128 GiB","16","8 GiB/vCPU","0","600 GiB","$1.152 hourly","","","$0.2423 hourly","$1.888 hourly","","","$0.397 hourly"
"E16nds v6","E16nds v6","128 GiB","16","8 GiB/vCPU","0","880 GiB","$1.563 hourly","","","$0.3264 hourly","$2.299 hourly","","","$0.48 hourly"
"E16ns v6","E16ns v6","128 GiB","16","8 GiB/vCPU","0","0 GiB","$1.395 hourly","","","$0.2893 hourly","$2.131 hourly","","","$0.442 hourly"
"Standard E16pds v5","E16pds v5","128 GiB","16","8 GiB/vCPU","0","600 GiB","$0.922 hourly","","","$0.1949 hourly","","","",""
"Standard E16pds v6","E16pds v6","128 GiB","16","8 GiB/vCPU","0","880 GiB","$0.936 hourly","","","$0.3257 hourly","","","",""
"Standard E16ps v5","E16ps v5","128 GiB","16","8 GiB/vCPU","0","0 GiB","$0.806 hourly","","","$0.1704 hourly","","","",""
"Standard E16ps v6","E16ps v6","128 GiB","16","8 GiB/vCPU","0","0 GiB","$0.738 hourly","","","$0.2568 hourly","","","",""
"E16s v3","E16s v3","128 GiB","16","8 GiB/vCPU","0","256 GiB","$1.008 hourly","","","$0.1976 hourly","$1.744 hourly","","","$0.3418 hourly"
"E16s v4","E16s v4","128 GiB","16","8 GiB/vCPU","0","0 GiB","$1.008 hourly","","","$0.2122 hourly","$1.744 hourly","","","$0.3671 hourly"
"E16s v5","E16s v5","128 GiB","16","8 GiB/vCPU","0","0 GiB","$1.008 hourly","","","$0.2123 hourly","$1.744 hourly","","","$0.3673 hourly"
"E16s v6","E16s v6","128 GiB","16","8 GiB/vCPU","0","0 GiB","$1.058 hourly","","","$0.2194 hourly","$1.794 hourly","","","$0.3721 hourly"
"E16s v7","E16s v7","128 GiB","16","8 GiB/vCPU","0","0 GiB","$1.389 hourly","","","$0.2567 hourly","$2.125 hourly","","","$0.3927 hourly"
"E16 v3","E16 v3","128 GiB","16","8 GiB/vCPU","0","400 GiB","$1.008 hourly","","","$0.1976 hourly","$1.744 hourly","","","$0.3418 hourly"
"E16 v4","E16 v4","128 GiB","16","8 GiB/vCPU","0","0 GiB","$1.008 hourly","","","$0.2122 hourly","$1.744 hourly","","","$0.3671 hourly"
"E16 v5","E16 v5","128 GiB","16","8 GiB/vCPU","0","0 GiB","$1.008 hourly","","","$0.2123 hourly","$1.744 hourly","","","$0.3673 hourly"
"E192ds v7","E192ds v7","1536 GiB","192","8 GiB/vCPU","0","10560 GiB","$19.958 hourly","","","$3.6882 hourly","$28.79 hourly","","","$5.3204 hourly"
"E192ibds v6","E192ibds v6","1832 GiB","192","9.54 GiB/vCPU","0","10560 GiB","$18.758 hourly","","","$3.7516 hourly","$27.59 hourly","","","$5.518 hourly"
"E192ibs v6","E192ibs v6","1832 GiB","192","9.54 GiB/vCPU","0","0 GiB","$16.742 hourly","","","$3.3484 hourly","$25.574 hourly","","","$5.1148 hourly"
"E192ids v6","E192ids v6","1832 GiB","192","9.54 GiB/vCPU","0","10560 GiB","$17.268 hourly","","","$3.6056 hourly","$26.10 hourly","","","$5.4497 hourly"
"E192s v7","E192s v7","1536 GiB","192","8 GiB/vCPU","0","0 GiB","$16.671 hourly","","","$3.3342 hourly","$25.503 hourly","","","$5.1006 hourly"
"E20ads v5","E20ads v5","160 GiB","20","8 GiB/vCPU","0","750 GiB","$1.31 hourly","","","$0.2923 hourly","$2.23 hourly","","","$0.4975 hourly"
"E20ads v6","E20ads v6","160 GiB","20","8 GiB/vCPU","0","1100 GiB","$1.452 hourly","","","$0.3043 hourly","$2.372 hourly","","","$0.4972 hourly"
"E20as v4","E20as v4","160 GiB","20","8 GiB/vCPU","0","320 GiB","$1.26 hourly","","","$0.282 hourly","$2.18 hourly","","","$0.4879 hourly"
"E20as v5","E20as v5","160 GiB","20","8 GiB/vCPU","0","0 GiB","$1.13 hourly","","","$0.2521 hourly","$2.05 hourly","","","$0.4574 hourly"
"E20as v6","E20as v6","160 GiB","20","8 GiB/vCPU","0","0 GiB","$1.192 hourly","","","$0.2498 hourly","$2.112 hourly","","","$0.4427 hourly"
"E20a v4","E20a v4","160 GiB","20","8 GiB/vCPU","0","500 GiB","$1.26 hourly","","","$0.282 hourly","$2.18 hourly","","","$0.4879 hourly"
"E20ds v4","E20ds v4","160 GiB","20","8 GiB/vCPU","0","750 GiB","$1.44 hourly","","","$0.3027 hourly","$2.36 hourly","","","$0.4961 hourly"
"E20ds v5","E20ds v5","160 GiB","20","8 GiB/vCPU","0","750 GiB","$1.44 hourly","","","$0.3028 hourly","$2.36 hourly","","","$0.4963 hourly"
"E20ds v6","E20ds v6","160 GiB","20","8 GiB/vCPU","0","1100 GiB","$1.635 hourly","","","$0.3414 hourly","$2.555 hourly","","","$0.5335 hourly"
"E20ds v7"," E20ds v7","160 GiB","20","8 GiB/vCPU","0","1100 GiB","$2.079 hourly","","","$0.3842 hourly","$2.999 hourly","","","$0.5542 hourly"
"E20d v4","E20d v4","160 GiB","20","8 GiB/vCPU","0","750 GiB","$1.44 hourly","","","$0.3027 hourly","$2.36 hourly","","","$0.4961 hourly"
"E20d v5","E20d v5","160 GiB","20","8 GiB/vCPU","0","750 GiB","$1.44 hourly","","","$0.3028 hourly","$2.36 hourly","","","$0.4963 hourly"
"Standard E20pds v5","E20pds v5","160 GiB","20","8 GiB/vCPU","0","750 GiB","$1.152 hourly","","","$0.2435 hourly","","","",""
"Standard E20ps v5","E20ps v5","160 GiB","20","8 GiB/vCPU","0","0 GiB","$1.008 hourly","","","$0.2131 hourly","","","",""
"E20s v3","E20s v3","160 GiB","20","8 GiB/vCPU","0","320 GiB","$1.26 hourly","","","$0.247 hourly","$2.18 hourly","","","$0.4273 hourly"
"E20s v4","E20s v4","160 GiB","20","8 GiB/vCPU","0","0 GiB","$1.26 hourly","","","$0.2652 hourly","$2.18 hourly","","","$0.4589 hourly"
"E20s v5","E20s v5","160 GiB","20","8 GiB/vCPU","0","0 GiB","$1.26 hourly","","","$0.2654 hourly","$2.18 hourly","","","$0.4591 hourly"
"E20s v6","E20s v6","160 GiB","20","8 GiB/vCPU","0","0 GiB","$1.323 hourly","","","$0.2744 hourly","$2.243 hourly","","","$0.4652 hourly"
"E20s v7","E20s v7","160 GiB","20","8 GiB/vCPU","0","0 GiB","$1.737 hourly","","","$0.321 hourly","$2.657 hourly","","","$0.491 hourly"
"E20 v3","E20 v3","160 GiB","20","8 GiB/vCPU","0","600 GiB","$1.26 hourly","","","$0.247 hourly","$2.18 hourly","","","$0.4273 hourly"
"E20 v4","E20 v4","160 GiB","20","8 GiB/vCPU","0","0 GiB","$1.26 hourly","","","$0.2652 hourly","$2.18 hourly","","","$0.4589 hourly"
"E20 v5","E20 v5","160 GiB","20","8 GiB/vCPU","0","0 GiB","$1.26 hourly","","","$0.2654 hourly","$2.18 hourly","","","$0.4591 hourly"
"E248ds v7","E248ds v7","1984 GiB","248","8 GiB/vCPU","0","13640 GiB","$25.78 hourly","","","$5.156 hourly","$37.188 hourly","","","$7.4376 hourly"
"E248s v7","E248s v7","1984 GiB","248","8 GiB/vCPU","0","0 GiB","$21.534 hourly","","","$4.3068 hourly","$32.942 hourly","","","$6.5884 hourly"
"E2ads v5","E2ads v5","16 GiB","2","8 GiB/vCPU","0","75 GiB","$0.131 hourly","","","$0.0292 hourly","$0.223 hourly","","","$0.0498 hourly"
"E2ads v6","E2ads v6","16 GiB","2","8 GiB/vCPU","0","110 GiB","$0.145 hourly","","","$0.0304 hourly","$0.237 hourly","","","$0.0497 hourly"
"E2ads v7","E2ads v7","16 GiB","2","8 GiB/vCPU","0","110 GiB","$0.145 hourly","","","$0.0271 hourly","$0.237 hourly","","","$0.0443 hourly"
"E2as v4","E2as v4","16 GiB","2","8 GiB/vCPU","0","32 GiB","$0.126 hourly","","","$0.0282 hourly","$0.218 hourly","","","$0.0488 hourly"
"E2as v5","E2as v5","16 GiB","2","8 GiB/vCPU","0","0 GiB","$0.113 hourly","","","$0.0252 hourly","$0.205 hourly","","","$0.0457 hourly"
"E2as v6","E2as v6","16 GiB","2","8 GiB/vCPU","0","0 GiB","$0.119 hourly","","","$0.0249 hourly","$0.211 hourly","","","$0.0442 hourly"
"E2as v7","E2as v7","16 GiB","2","8 GiB/vCPU","0","0 GiB","$0.119 hourly","","","$0.0222 hourly","$0.211 hourly","","","$0.0394 hourly"
"E2a v4","E2a v4","16 GiB","2","8 GiB/vCPU","0","50 GiB","$0.126 hourly","","","$0.0282 hourly","$0.218 hourly","","","$0.0488 hourly"
"E2bds v5","E2bds v5","16 GiB","2","8 GiB/vCPU","0","75 GiB","$0.167 hourly","","","$0.0351 hourly","$0.259 hourly","","","$0.0545 hourly"
"E2bds v6","E2bds v6","16 GiB","2","8 GiB/vCPU","0","110 GiB","$0.195 hourly","","","$0.039 hourly","$0.287 hourly","","","$0.0574 hourly"
"E2bs v5","E2bs v5","16 GiB","2","8 GiB/vCPU","0","0 GiB","$0.149 hourly","","","$0.0314 hourly","$0.241 hourly","","","$0.0508 hourly"
"E2bs v6","E2bs v6","16 GiB","2","8 GiB/vCPU","0","0 GiB","$0.174 hourly","","","$0.0361 hourly","$0.266 hourly","","","$0.0552 hourly"
"E2ds v4","E2ds v4","16 GiB","2","8 GiB/vCPU","0","75 GiB","$0.144 hourly","","","$0.0303 hourly","$0.236 hourly","","","$0.0496 hourly"
"E2ds v5","E2ds v5","16 GiB","2","8 GiB/vCPU","0","75 GiB","$0.144 hourly","","","$0.0303 hourly","$0.236 hourly","","","$0.0496 hourly"
"E2ds v6","E2ds v6","16 GiB","2","8 GiB/vCPU","0","110 GiB","$0.164 hourly","","","$0.0342 hourly","$0.256 hourly","","","$0.0535 hourly"
"E2ds v7","E2ds v7","16 GiB","2","8 GiB/vCPU","0","110 GiB","$0.208 hourly","","","$0.0384 hourly","$0.30 hourly","","","$0.0554 hourly"
"E2d v4","E2d v4","16 GiB","2","8 GiB/vCPU","0","75 GiB","$0.144 hourly","","","$0.0303 hourly","$0.236 hourly","","","$0.0496 hourly"
"E2d v5","E2d v5","16 GiB","2","8 GiB/vCPU","0","75 GiB","$0.144 hourly","","","$0.0303 hourly","$0.236 hourly","","","$0.0496 hourly"
"E2nds v6","E2nds v6","16 GiB","2","8 GiB/vCPU","0","110 GiB","$0.195 hourly","","","$0.0407 hourly","$0.287 hourly","","","$0.0599 hourly"
"E2ns v6","E2ns v6","16 GiB","2","8 GiB/vCPU","0","0 GiB","$0.174 hourly","","","$0.0361 hourly","$0.266 hourly","","","$0.0552 hourly"
"Standard E2pds v5","E2pds v5","16 GiB","2","8 GiB/vCPU","0","75 GiB","$0.115 hourly","","","$0.0243 hourly","","","",""
"Standard E2pds v6","E2pds v6","16 GiB","2","8 GiB/vCPU","0","110 GiB","$0.117 hourly","","","$0.0407 hourly","","","",""
"Standard E2ps v5","E2ps v5","16 GiB","2","8 GiB/vCPU","0","0 GiB","$0.101 hourly","","","$0.0214 hourly","","","",""
"Standard E2ps v6","E2ps v6","16 GiB","2","8 GiB/vCPU","0","0 GiB","$0.0922 hourly","","","$0.0321 hourly","","","",""
"E2s v3","E2s v3","16 GiB","2","8 GiB/vCPU","0","32 GiB","$0.126 hourly","","","$0.0247 hourly","$0.218 hourly","","","$0.0427 hourly"
"E2s v4","E2s v4","16 GiB","2","8 GiB/vCPU","0","0 GiB","$0.126 hourly","","","$0.0265 hourly","$0.218 hourly","","","$0.0459 hourly"
"E2s v5","E2s v5","16 GiB","2","8 GiB/vCPU","0","0 GiB","$0.126 hourly","","","$0.0265 hourly","$0.218 hourly","","","$0.0459 hourly"
"E2s v6","E2s v6","16 GiB","2","8 GiB/vCPU","0","0 GiB","$0.132 hourly","","","$0.0274 hourly","$0.224 hourly","","","$0.0465 hourly"
"E2s v7","E2s v7","16 GiB","2","8 GiB/vCPU","0","0 GiB","$0.174 hourly","","","$0.0322 hourly","$0.266 hourly","","","$0.0492 hourly"
"E2 v3","E2 v3","16 GiB","2","8 GiB/vCPU","0","50 GiB","$0.126 hourly","","","$0.0247 hourly","$0.218 hourly","","","$0.0427 hourly"
"E2 v4","E2 v4","16 GiB","2","8 GiB/vCPU","0","0 GiB","$0.126 hourly","","","$0.0265 hourly","$0.218 hourly","","","$0.0459 hourly"
"E2 v5","E2 v5","16 GiB","2","8 GiB/vCPU","0","0 GiB","$0.126 hourly","","","$0.0265 hourly","$0.218 hourly","","","$0.0459 hourly"
"E32-8s v6","E32-8s v6","256 GiB","32","8 GiB/vCPU","0","0 GiB","$2.096 hourly","","","$0.4676 hourly","$3.589 hourly","","","$0.7444 hourly"
"E32ads v5","E32ads v5","256 GiB","32","8 GiB/vCPU","0","1200 GiB","$2.096 hourly","","","$0.4676 hourly","$3.568 hourly","","","$0.796 hourly"
"E32ads v6","E32ads v6","256 GiB","32","8 GiB/vCPU","0","1760 GiB","$2.323 hourly","","","$0.4869 hourly","$3.795 hourly","","","$0.7954 hourly"
"E32ads v7","E32ads v7","256 GiB","32","8 GiB/vCPU","0","1760 GiB","$2.323 hourly","","","$0.4335 hourly","$3.795 hourly","","","$0.7089 hourly"
"E32as v4","E32as v4","256 GiB","32","8 GiB/vCPU","0","512 GiB","$2.016 hourly","","","$0.4512 hourly","$3.488 hourly","","","$0.7806 hourly"
"E32as v5","E32as v5","256 GiB","32","8 GiB/vCPU","0","0 GiB","$1.808 hourly","","","$0.4034 hourly","$3.28 hourly","","","$0.7318 hourly"
"E32as v6","E32as v6","256 GiB","32","8 GiB/vCPU","0","0 GiB","$1.907 hourly","","","$0.3997 hourly","$3.379 hourly","","","$0.7082 hourly"
"E32as v7","E32as v7","256 GiB","32","8 GiB/vCPU","0","0 GiB","$1.907 hourly","","","$0.3558 hourly","$3.379 hourly","","","$0.6312 hourly"
"E32a v4","E32a v4","256 GiB","32","8 GiB/vCPU","0","800 GiB","$2.016 hourly","","","$0.4512 hourly","$3.488 hourly","","","$0.7806 hourly"
"E32bds v5","E32bds v5","256 GiB","32","8 GiB/vCPU","0","1200 GiB","$2.672 hourly","","","$0.5619 hourly","$4.144 hourly","","","$0.8715 hourly"
"E32bds v6","E32bds v6","256 GiB","32","8 GiB/vCPU","0","1760 GiB","$3.126 hourly","","","$0.6527 hourly","$4.598 hourly","","","$0.9601 hourly"
"E32bs v5","E32bs v5","256 GiB","32","8 GiB/vCPU","0","0 GiB","$2.384 hourly","","","$0.5021 hourly","$3.856 hourly","","","$0.8121 hourly"
"E32bs v6","E32bs v6","256 GiB","32","8 GiB/vCPU","0","0 GiB","$2.79 hourly","","","$0.5786 hourly","$4.262 hourly","","","$0.8839 hourly"
"E32ds v4","E32ds v4","256 GiB","32","8 GiB/vCPU","0","1200 GiB","$2.304 hourly","","","$0.4843 hourly","$3.776 hourly","","","$0.7937 hourly"
"E32ds v5","E32ds v5","256 GiB","32","8 GiB/vCPU","0","1200 GiB","$2.304 hourly","","","$0.4845 hourly","$3.776 hourly","","","$0.7941 hourly"
"E32ds v6","E32ds v6","256 GiB","32","8 GiB/vCPU","0","1760 GiB","$2.616 hourly","","","$0.5462 hourly","$4.088 hourly","","","$0.8536 hourly"
"E32ds v7","E32ds v7","256 GiB","32","8 GiB/vCPU","0","1760 GiB","$3.326 hourly","","","$0.6146 hourly","$4.798 hourly","","","$0.8867 hourly"
"E32d v4","E32d v4","256 GiB","32","8 GiB/vCPU","0","1200 GiB","$2.304 hourly","","","$0.4843 hourly","$3.776 hourly","","","$0.7937 hourly"
"E32d v5","E32d v5","256 GiB","32","8 GiB/vCPU","0","1200 GiB","$2.304 hourly","","","$0.4845 hourly","$3.776 hourly","","","$0.7941 hourly"
"E32nds v6","E32nds v6","256 GiB","32","8 GiB/vCPU","0","1760 GiB","$3.126 hourly","","","$0.6527 hourly","$4.598 hourly","","","$0.9601 hourly"
"E32ns v6","E32ns v6","256 GiB","32","8 GiB/vCPU","0","0 GiB","$2.789 hourly","","","$0.5784 hourly","$4.261 hourly","","","$0.8837 hourly"
"Standard E32pds v5","E32pds v5","208 GiB","32","6.5 GiB/vCPU","0","1200 GiB","$1.843 hourly","","","$0.3896 hourly","","","",""
"Standard E32pds v6","E32pds v6","256 GiB","32","8 GiB/vCPU","0","1760 GiB","$1.872 hourly","","","$0.6515 hourly","","","",""
"Standard E32ps v5","E32ps v5","208 GiB","32","6.5 GiB/vCPU","0","0 GiB","$1.613 hourly","","","$0.341 hourly","","","",""
"Standard E32ps v6","E32ps v6","256 GiB","32","8 GiB/vCPU","0","0 GiB","$1.475 hourly","","","$0.5133 hourly","","","",""
"E32s v3","E32s v3","256 GiB","32","8 GiB/vCPU","0","512 GiB","$2.016 hourly","","","$0.3951 hourly","$3.488 hourly","","","$0.6836 hourly"
"E32s v4","E32s v4","256 GiB","32","8 GiB/vCPU","0","0 GiB","$2.016 hourly","","","$0.4244 hourly","$3.488 hourly","","","$0.7342 hourly"
"E32s v5","E32s v5","256 GiB","32","8 GiB/vCPU","0","0 GiB","$2.016 hourly","","","$0.4246 hourly","$3.488 hourly","","","$0.7346 hourly"
"E32s v6","E32s v6","256 GiB","32","8 GiB/vCPU","0","0 GiB","$2.117 hourly","","","$0.4391 hourly","$3.589 hourly","","","$0.7444 hourly"
"E32s v7","E32s v7","256 GiB","32","8 GiB/vCPU","0","0 GiB","$2.779 hourly","","","$0.5136 hourly","$4.251 hourly","","","$0.7856 hourly"
"E32 v3","E32 v3","256 GiB","32","8 GiB/vCPU","0","800 GiB","$2.016 hourly","","","$0.3951 hourly","$3.488 hourly","","","$0.6836 hourly"
"E32 v4","E32 v4","256 GiB","32","8 GiB/vCPU","0","0 GiB","$2.016 hourly","","","$0.4244 hourly","$3.488 hourly","","","$0.7342 hourly"
"E32 v5","E32 v5","256 GiB","32","8 GiB/vCPU","0","0 GiB","$2.016 hourly","","","$0.4246 hourly","$3.488 hourly","","","$0.7346 hourly"
"E372ids v7","E372ids v7","2826 GiB","372","7.6 GiB/vCPU","0","20460 GiB","$42.536 hourly","","","$8.5072 hourly","$59.648 hourly","","","$11.9296 hourly"
"E372is v7","E372is v7","2826 GiB","372","7.6 GiB/vCPU","0","0 GiB","$35.531 hourly","","","$7.1062 hourly","$52.643 hourly","","","$10.5286 hourly"
"E4-2s v6","E4-2s v6","32 GiB","4","8 GiB/vCPU","0","0 GiB","$0.288 hourly","","","$0.0605 hourly","$0.472 hourly","","","$0.0993 hourly"
"E48ads v5","E48ads v5","384 GiB","48","8 GiB/vCPU","0","1800 GiB","$3.144 hourly","","","$0.7014 hourly","$5.352 hourly","","","$1.194 hourly"
"E48ads v6","E48ads v6","384 GiB","48","8 GiB/vCPU","0","2640 GiB","$3.485 hourly","","","$0.7305 hourly","$5.693 hourly","","","$1.1933 hourly"
"E48ads v7","E48ads v7","384 GiB","48","8 GiB/vCPU","0","2640 GiB","$3.485 hourly","","","$0.6503 hourly","$5.693 hourly","","","$1.0635 hourly"
"E48as v4","E48as v4","384 GiB","48","8 GiB/vCPU","0","768 GiB","$3.024 hourly","","","$0.6768 hourly","$5.232 hourly","","","$1.1709 hourly"
"E48as v5","E48as v5","384 GiB","48","8 GiB/vCPU","0","0 GiB","$2.712 hourly","","","$0.605 hourly","$4.92 hourly","","","$1.0977 hourly"
"E48as v6","E48as v6","384 GiB","48","8 GiB/vCPU","0","0 GiB","$2.861 hourly","","","$0.5997 hourly","$5.069 hourly","","","$1.0625 hourly"
"E48as v7","E48as v7","384 GiB","48","8 GiB/vCPU","0","0 GiB","$2.861 hourly","","","$0.5339 hourly","$5.069 hourly","","","$0.9469 hourly"
"E48a v4","E48a v4","384 GiB","48","8 GiB/vCPU","0","1200 GiB","$3.024 hourly","","","$0.6768 hourly","$5.232 hourly","","","$1.1709 hourly"
"E48bds v5","E48bds v5","384 GiB","48","8 GiB/vCPU","0","1800 GiB","$4.008 hourly","","","$0.8429 hourly","$6.216 hourly","","","$1.3072 hourly"
"E48bds v6","E48bds v6","384 GiB","48","8 GiB/vCPU","0","2640 GiB","$4.69 hourly","","","$0.938 hourly","$6.898 hourly","","","$1.3796 hourly"
"E48bs v5","E48bs v5","384 GiB","48","8 GiB/vCPU","0","0 GiB","$3.576 hourly","","","$0.7531 hourly","$5.784 hourly","","","$1.2181 hourly"
"E48bs v6","E48bs v6","384 GiB","48","8 GiB/vCPU","0","0 GiB","$4.186 hourly","","","$0.8372 hourly","$6.394 hourly","","","$1.2788 hourly"
"E48ds v4","E48ds v4","384 GiB","48","8 GiB/vCPU","0","1800 GiB","$3.456 hourly","","","$0.7265 hourly","$5.664 hourly","","","$1.1906 hourly"
"E48ds v5","E48ds v5","384 GiB","48","8 GiB/vCPU","0","1800 GiB","$3.456 hourly","","","$0.7268 hourly","$5.664 hourly","","","$1.1911 hourly"
"E48ds v6","E48ds v6","384 GiB","48","8 GiB/vCPU","0","2640 GiB","$3.924 hourly","","","$0.8193 hourly","$6.132 hourly","","","$1.2804 hourly"
"E48ds v7","E48ds v7","384 GiB","48","8 GiB/vCPU","0","2640 GiB","$4.99 hourly","","","$0.998 hourly","$7.198 hourly","","","$1.4396 hourly"
"E48d v4","E48d v4","384 GiB","48","8 GiB/vCPU","0","1800 GiB","$3.456 hourly","","","$0.7265 hourly","$5.664 hourly","","","$1.1906 hourly"
"E48d v5","E48d v5","384 GiB","48","8 GiB/vCPU","0","1800 GiB","$3.456 hourly","","","$0.7268 hourly","$5.664 hourly","","","$1.1911 hourly"
"E48nds v6","E48nds v6","384 GiB","48","8 GiB/vCPU","0","2640 GiB","$4.689 hourly","","","$0.9791 hourly","$6.897 hourly","","","$1.4401 hourly"
"E48ns v6","E48ns v6","384 GiB","48","8 GiB/vCPU","0","0 GiB","$4.184 hourly","","","$0.8678 hourly","$6.392 hourly","","","$1.3257 hourly"
"Standard E48pds v6","E48pds v6","384 GiB","48","8 GiB/vCPU","0","2640 GiB","$2.808 hourly","","","$0.9772 hourly","","","",""
"Standard E48ps v6","E48ps v6","384 GiB","48","8 GiB/vCPU","0","0 GiB","$2.213 hourly","","","$0.7701 hourly","","","",""
"E48s v3","E48s v3","384 GiB","48","8 GiB/vCPU","0","768 GiB","$3.024 hourly","","","$0.5927 hourly","$5.232 hourly","","","$1.0255 hourly"
"E48s v4","E48s v4","384 GiB","48","8 GiB/vCPU","0","0 GiB","$3.024 hourly","","","$0.6366 hourly","$5.232 hourly","","","$1.1013 hourly"
"E48s v5","E48s v5","384 GiB","48","8 GiB/vCPU","0","0 GiB","$3.024 hourly","","","$0.6369 hourly","$5.232 hourly","","","$1.1019 hourly"
"E48s v6","E48s v6","384 GiB","48","8 GiB/vCPU","0","0 GiB","$3.175 hourly","","","$0.6585 hourly","$5.383 hourly","","","$1.1164 hourly"
"E48s v7","E48s v7","384 GiB","48","8 GiB/vCPU","0","0 GiB","$4.168 hourly","","","$0.8336 hourly","$6.376 hourly","","","$1.2752 hourly"
"E48 v3","E48 v3","384 GiB","48","8 GiB/vCPU","0","1200 GiB","$3.024 hourly","","","$0.5927 hourly","$5.232 hourly","","","$1.0255 hourly"
"E48 v4","E48 v4","384 GiB","48","8 GiB/vCPU","0","0 GiB","$3.024 hourly","","","$0.6366 hourly","$5.232 hourly","","","$1.1013 hourly"
"E48 v5","E48 v5","384 GiB","48","8 GiB/vCPU","0","0 GiB","$3.024 hourly","","","$0.6369 hourly","$5.232 hourly","","","$1.1019 hourly"
"E4ads v5","E4ads v5","32 GiB","4","8 GiB/vCPU","0","150 GiB","$0.262 hourly","","","$0.0585 hourly","$0.446 hourly","","","$0.0995 hourly"
"E4ads v6","E4ads v6","32 GiB","4","8 GiB/vCPU","0","220 GiB","$0.29 hourly","","","$0.0608 hourly","$0.474 hourly","","","$0.0994 hourly"
"E4ads v7","E4ads v7","32 GiB","4","8 GiB/vCPU","0","220 GiB","$0.29 hourly","","","$0.0541 hourly","$0.474 hourly","","","$0.0885 hourly"
"E4as v4","E4as v4","32 GiB","4","8 GiB/vCPU","0","64 GiB","$0.252 hourly","","","$0.0564 hourly","$0.436 hourly","","","$0.0976 hourly"
"E4as v5","E4as v5","32 GiB","4","8 GiB/vCPU","0","0 GiB","$0.226 hourly","","","$0.0504 hourly","$0.41 hourly","","","$0.0915 hourly"
"E4as v6","E4as v6","32 GiB","4","8 GiB/vCPU","0","0 GiB","$0.238 hourly","","","$0.0499 hourly","$0.422 hourly","","","$0.0885 hourly"
"E4as v7","E4as v7","32 GiB","4","8 GiB/vCPU","0","0 GiB","$0.238 hourly","","","$0.0444 hourly","$0.422 hourly","","","$0.0788 hourly"
"E4a v4","E4a v4","32 GiB","4","8 GiB/vCPU","0","100 GiB","$0.252 hourly","","","$0.0564 hourly","$0.436 hourly","","","$0.0976 hourly"
"E4bds v5","E4bds v5","32 GiB","4","8 GiB/vCPU","0","150 GiB","$0.334 hourly","","","$0.0702 hourly","$0.518 hourly","","","$0.1089 hourly"
"E4bds v6","E4bds v6","32 GiB","4","8 GiB/vCPU","0","220 GiB","$0.391 hourly","","","$0.0782 hourly","$0.575 hourly","","","$0.115 hourly"
"E4bs v5","E4bs v5","32 GiB","4","8 GiB/vCPU","0","0 GiB","$0.298 hourly","","","$0.0628 hourly","$0.482 hourly","","","$0.1015 hourly"
"E4bs v6","E4bs v6","32 GiB","4","8 GiB/vCPU","0","0 GiB","$0.349 hourly","","","$0.0724 hourly","$0.533 hourly","","","$0.1105 hourly"
"E4ds v4","E4ds v4","32 GiB","4","8 GiB/vCPU","0","150 GiB","$0.288 hourly","","","$0.0605 hourly","$0.472 hourly","","","$0.0992 hourly"
"E4ds v5","E4ds v5","32 GiB","4","8 GiB/vCPU","0","150 GiB","$0.288 hourly","","","$0.0606 hourly","$0.472 hourly","","","$0.0993 hourly"
"E4ds v6","E4ds v6","32 GiB","4","8 GiB/vCPU","0","220 GiB","$0.327 hourly","","","$0.0683 hourly","$0.511 hourly","","","$0.1067 hourly"
"E4ds v7","E4ds v7","32 GiB","4","8 GiB/vCPU","0","220 GiB","$0.416 hourly","","","$0.0769 hourly","$0.60 hourly","","","$0.1109 hourly"
"E4d v4","E4d v4","32 GiB","4","8 GiB/vCPU","0","150 GiB","$0.288 hourly","","","$0.0605 hourly","$0.472 hourly","","","$0.0992 hourly"
"E4d v5","E4d v5","32 GiB","4","8 GiB/vCPU","0","150 GiB","$0.288 hourly","","","$0.0606 hourly","$0.472 hourly","","","$0.0993 hourly"
"E4nds v6","E4nds v6","32 GiB","4","8 GiB/vCPU","0","220 GiB","$0.391 hourly","","","$0.0816 hourly","$0.575 hourly","","","$0.1201 hourly"
"E4ns v6","E4ns v6","32 GiB","4","8 GiB/vCPU","0","0 GiB","$0.349 hourly","","","$0.0724 hourly","$0.533 hourly","","","$0.1105 hourly"
"Standard E4pds v5","E4pds v5","32 GiB","4","8 GiB/vCPU","0","150 GiB","$0.23 hourly","","","$0.0486 hourly","","","",""
"Standard E4pds v6","E4pds v6","32 GiB","4","8 GiB/vCPU","0","220 GiB","$0.234 hourly","","","$0.0814 hourly","","","",""
"Standard E4ps v5","E4ps v5","32 GiB","4","8 GiB/vCPU","0","0 GiB","$0.202 hourly","","","$0.0427 hourly","","","",""
"Standard E4ps v6","E4ps v6","32 GiB","4","8 GiB/vCPU","0","0 GiB","$0.184 hourly","","","$0.064 hourly","","","",""
"E4s v3","E4s v3","32 GiB","4","8 GiB/vCPU","0","64 GiB","$0.252 hourly","","","$0.0494 hourly","$0.436 hourly","","","$0.0855 hourly"
"E4s v4","E4s v4","32 GiB","4","8 GiB/vCPU","0","0 GiB","$0.252 hourly","","","$0.053 hourly","$0.436 hourly","","","$0.0918 hourly"
"E4s v5","E4s v5","32 GiB","4","8 GiB/vCPU","0","0 GiB","$0.252 hourly","","","$0.0531 hourly","$0.436 hourly","","","$0.0918 hourly"
"E4s v6","E4s v6","32 GiB","4","8 GiB/vCPU","0","0 GiB","$0.265 hourly","","","$0.055 hourly","$0.449 hourly","","","$0.0931 hourly"
"E4s v7","E4s v7","32 GiB","4","8 GiB/vCPU","0","0 GiB","$0.347 hourly","","","$0.0641 hourly","$0.531 hourly","","","$0.0981 hourly"
"E4 v3","E4 v3","32 GiB","4","8 GiB/vCPU","0","100 GiB","$0.252 hourly","","","$0.0494 hourly","$0.436 hourly","","","$0.0855 hourly"
"E4 v4","E4 v4","32 GiB","4","8 GiB/vCPU","0","0 GiB","$0.252 hourly","","","$0.053 hourly","$0.436 hourly","","","$0.0918 hourly"
"E4 v5","E4 v5","32 GiB","4","8 GiB/vCPU","0","0 GiB","$0.252 hourly","","","$0.0531 hourly","$0.436 hourly","","","$0.0918 hourly"
"E64-32s v6","E64-32s v6","512 GiB","32","16 GiB/vCPU","0","0 GiB","$3.616 hourly","","","$0.8067 hourly","$6.758 hourly","","","$1.2624 hourly"
"E64ads v5","E64ads v5","512 GiB","64","8 GiB/vCPU","0","2400 GiB","$4.192 hourly","","","$0.9352 hourly","$7.136 hourly","","","$1.592 hourly"
"E64ads v6","E64ads v6","512 GiB","64","8 GiB/vCPU","0","3520 GiB","$4.646 hourly","","","$0.9738 hourly","$7.59 hourly","","","$1.5909 hourly"
"E64ads v7","E64ads v7","512 GiB","64","8 GiB/vCPU","0","3520 GiB","$4.646 hourly","","","$0.8669 hourly","$7.59 hourly","","","$1.4178 hourly"
"E64as v4","E64as v4","512 GiB","64","8 GiB/vCPU","0","1024 GiB","$4.032 hourly","","","$0.9024 hourly","$6.976 hourly","","","$1.5612 hourly"
"E64as v5","E64as v5","512 GiB","64","8 GiB/vCPU","0","0 GiB","$3.616 hourly","","","$0.8067 hourly","$6.56 hourly","","","$1.4635 hourly"
"E64as v6","E64as v6","512 GiB","64","8 GiB/vCPU","0","0 GiB","$3.814 hourly","","","$0.7994 hourly","$6.758 hourly","","","$1.4165 hourly"
"E64as v7","E64as v7","512 GiB","64","8 GiB/vCPU","0","0 GiB","$3.814 hourly","","","$0.7117 hourly","$6.758 hourly","","","$1.2624 hourly"
"E64a v4","E64a v4","512 GiB","64","8 GiB/vCPU","0","1600 GiB","$4.032 hourly","","","$0.9024 hourly","$6.976 hourly","","","$1.5612 hourly"
"E64bds v5","E64bds v5","512 GiB","64","8 GiB/vCPU","0","2400 GiB","$5.344 hourly","","","$1.1238 hourly","$8.288 hourly","","","$1.743 hourly"
"E64bds v6","E64bds v6","512 GiB","64","8 GiB/vCPU","0","3520 GiB","$6.253 hourly","","","$1.3056 hourly","$9.197 hourly","","","$1.9203 hourly"
"E64bs v5","E64bs v5","512 GiB","64","8 GiB/vCPU","0","0 GiB","$4.768 hourly","","","$1.0041 hourly","$7.712 hourly","","","$1.6241 hourly"
"E64bs v6","E64bs v6","512 GiB","64","8 GiB/vCPU","0","0 GiB","$5.581 hourly","","","$1.1162 hourly","$8.525 hourly","","","$1.705 hourly"
"E64ds v4","E64ds v4","504 GiB","64","7.88 GiB/vCPU","0","2400 GiB","$4.608 hourly","","","$0.9686 hourly","$7.552 hourly","","","$1.5874 hourly"
"E64ds v5","E64ds v5","512 GiB","64","8 GiB/vCPU","0","2400 GiB","$4.608 hourly","","","$0.9691 hourly","$7.552 hourly","","","$1.5882 hourly"
"E64ds v6","E64ds v6","512 GiB","64","8 GiB/vCPU","0","3520 GiB","$5.233 hourly","","","$1.0927 hourly","$8.177 hourly","","","$1.7074 hourly"
"E64ds v7","E64ds v7","512 GiB","64","8 GiB/vCPU","0","3520 GiB","$6.653 hourly","","","$1.2295 hourly","$9.597 hourly","","","$1.7735 hourly"
"E64d v4","E64d v4","504 GiB","64","7.88 GiB/vCPU","0","2400 GiB","$4.608 hourly","","","$0.9686 hourly","$7.552 hourly","","","$1.5874 hourly"
"E64d v5","E64d v5","512 GiB","64","8 GiB/vCPU","0","2400 GiB","$4.608 hourly","","","$0.9691 hourly","$7.552 hourly","","","$1.5882 hourly"
"E64is v3","E64is v3","432 GiB","64","6.75 GiB/vCPU","0","864 GiB","$3.629 hourly","","","$0.7113 hourly","$6.573 hourly","","","$1.2883 hourly"
"E64i v3","E64i v3","432 GiB","64","6.75 GiB/vCPU","0","1600 GiB","$3.629 hourly","","","$0.7113 hourly","$6.573 hourly","","","$1.2883 hourly"
"E64nds v6","E64nds v6","512 GiB","64","8 GiB/vCPU","0","3520 GiB","$6.252 hourly","","","$1.3054 hourly","$9.196 hourly","","","$1.9201 hourly"
"E64ns v6","E64ns v6","512 GiB","64","8 GiB/vCPU","0","0 GiB","$5.579 hourly","","","$1.1571 hourly","$8.523 hourly","","","$1.7677 hourly"
"Standard E64pds v6","E64pds v6","512 GiB","64","8 GiB/vCPU","0","3520 GiB","$3.744 hourly","","","$1.3029 hourly","","","",""
"Standard E64ps v6","E64ps v6","512 GiB","64","8 GiB/vCPU","0","0 GiB","$2.95 hourly","","","$1.0266 hourly","","","",""
"E64s v3","E64s v3","432 GiB","64","6.75 GiB/vCPU","0","864 GiB","$3.629 hourly","","","$0.7113 hourly","$6.573 hourly","","","$1.2883 hourly"
"E64s v4","E64s v4","504 GiB","64","7.88 GiB/vCPU","0","0 GiB","$4.032 hourly","","","$0.8487 hourly","$6.976 hourly","","","$1.4684 hourly"
"E64s v5","E64s v5","512 GiB","64","8 GiB/vCPU","0","0 GiB","$4.032 hourly","","","$0.8491 hourly","$6.976 hourly","","","$1.4691 hourly"
"E64s v6","E64s v6","512 GiB","64","8 GiB/vCPU","0","0 GiB","$4.234 hourly","","","$0.8781 hourly","$7.178 hourly","","","$1.4887 hourly"
"E64s v7","E64s v7","512 GiB","64","8 GiB/vCPU","0","0 GiB","$5.557 hourly","","","$1.0269 hourly","$8.501 hourly","","","$1.571 hourly"
"E64 v3","E64 v3","432 GiB","64","6.75 GiB/vCPU","0","1600 GiB","$3.629 hourly","","","$0.7113 hourly","$6.573 hourly","","","$1.2883 hourly"
"E64 v4","E64 v4","504 GiB","64","7.88 GiB/vCPU","0","0 GiB","$4.032 hourly","","","$0.8487 hourly","$6.976 hourly","","","$1.4684 hourly"
"E64 v5","E64 v5","512 GiB","64","8 GiB/vCPU","0","0 GiB","$4.032 hourly","","","$0.8491 hourly","$6.976 hourly","","","$1.4691 hourly"
"E8-4s v6","E8-4s v6","64 GiB","8","8 GiB/vCPU","0","0 GiB","$0.529 hourly","","","$0.1097 hourly","$0.872 hourly","","","$0.1709 hourly"
"E80ids v4","E80ids v4","504 GiB","80","6.3 GiB/vCPU","0","2400 GiB","$5.76 hourly","","","$1.2108 hourly","$9.44 hourly","","","$1.9843 hourly"
"E80is v4","E80is v4","504 GiB","80","6.3 GiB/vCPU","0","2400 GiB","$5.04 hourly","","","$1.0609 hourly","$8.72 hourly","","","$1.8356 hourly"
"E8ads v5","E8ads v5","64 GiB","8","8 GiB/vCPU","0","300 GiB","$0.524 hourly","","","$0.1169 hourly","$0.892 hourly","","","$0.199 hourly"
"E8ads v6","E8ads v6","64 GiB","8","8 GiB/vCPU","0","440 GiB","$0.581 hourly","","","$0.1218 hourly","$0.949 hourly","","","$0.1989 hourly"
"E8ads v7","E8ads v7","64 GiB","8","8 GiB/vCPU","0","440 GiB","$0.581 hourly","","","$0.1084 hourly","$0.949 hourly","","","$0.1773 hourly"
"E8as v4","E8as v4","64 GiB","8","8 GiB/vCPU","0","128 GiB","$0.504 hourly","","","$0.1128 hourly","$0.872 hourly","","","$0.1952 hourly"
"E8as v5","E8as v5","64 GiB","8","8 GiB/vCPU","0","0 GiB","$0.452 hourly","","","$0.1008 hourly","$0.82 hourly","","","$0.1829 hourly"
"E8as v6","E8as v6","64 GiB","8","8 GiB/vCPU","0","0 GiB","$0.477 hourly","","","$0.10 hourly","$0.845 hourly","","","$0.1771 hourly"
"E8as v7","E8as v7","64 GiB","8","8 GiB/vCPU","0","0 GiB","$0.477 hourly","","","$0.089 hourly","$0.845 hourly","","","$0.1578 hourly"
"E8a v4","E8a v4","64 GiB","8","8 GiB/vCPU","0","200 GiB","$0.504 hourly","","","$0.1128 hourly","$0.872 hourly","","","$0.1952 hourly"
"E8bds v5","E8bds v5","64 GiB","8","8 GiB/vCPU","0","300 GiB","$0.668 hourly","","","$0.1405 hourly","$1.036 hourly","","","$0.2179 hourly"
"E8bds v6","E8bds v6","64 GiB","8","8 GiB/vCPU","0","440 GiB","$0.782 hourly","","","$0.1633 hourly","$1.15 hourly","","","$0.2401 hourly"
"E8bs v5","E8bs v5","64 GiB","8","8 GiB/vCPU","0","0 GiB","$0.596 hourly","","","$0.1255 hourly","$0.964 hourly","","","$0.203 hourly"
"E8bs v6","E8bs v6","64 GiB","8","8 GiB/vCPU","0","0 GiB","$0.698 hourly","","","$0.1448 hourly","$1.066 hourly","","","$0.2211 hourly"
"E8ds v4","E8ds v4","64 GiB","8","8 GiB/vCPU","0","300 GiB","$0.576 hourly","","","$0.1211 hourly","$0.944 hourly","","","$0.1984 hourly"
"E8ds v5","E8ds v5","64 GiB","8","8 GiB/vCPU","0","300 GiB","$0.576 hourly","","","$0.1211 hourly","$0.944 hourly","","","$0.1985 hourly"
"E8ds v6","E8ds v6","64 GiB","8","8 GiB/vCPU","0","440 GiB","$0.654 hourly","","","$0.1366 hourly","$1.022 hourly","","","$0.2134 hourly"
"E8ds v7","E8ds v7","64 GiB","8","8 GiB/vCPU","0","440 GiB","$0.832 hourly","","","$0.1538 hourly","$1.20 hourly","","","$0.2218 hourly"
"E8d v4","E8d v4","64 GiB","8","8 GiB/vCPU","0","300 GiB","$0.576 hourly","","","$0.1211 hourly","$0.944 hourly","","","$0.1984 hourly"
"E8d v5","E8d v5","64 GiB","8","8 GiB/vCPU","0","300 GiB","$0.576 hourly","","","$0.1211 hourly","$0.944 hourly","","","$0.1985 hourly"
"E8nds v6","E8nds v6","64 GiB","8","8 GiB/vCPU","0","440 GiB","$0.782 hourly","","","$0.1633 hourly","$1.15 hourly","","","$0.2401 hourly"
"E8ns v6","E8ns v6","64 GiB","8","8 GiB/vCPU","0","0 GiB","$0.697 hourly","","","$0.1446 hourly","$1.065 hourly","","","$0.2209 hourly"
"Standard E8pds v5","E8pds v5","64 GiB","8","8 GiB/vCPU","0","300 GiB","$0.461 hourly","","","$0.0975 hourly","","","",""
"Standard E8pds v6","E8pds v6","64 GiB","8","8 GiB/vCPU","0","440 GiB","$0.468 hourly","","","$0.1629 hourly","","","",""
"Standard E8ps v5","E8ps v5","64 GiB","8","8 GiB/vCPU","0","0 GiB","$0.403 hourly","","","$0.0852 hourly","","","",""
"Standard E8ps v6","E8ps v6","64 GiB","8","8 GiB/vCPU","0","0 GiB","$0.369 hourly","","","$0.1284 hourly","","","",""
"E8s v3","E8s v3","64 GiB","8","8 GiB/vCPU","0","128 GiB","$0.504 hourly","","","$0.0988 hourly","$0.872 hourly","","","$0.1709 hourly"
"E8s v4","E8s v4","64 GiB","8","8 GiB/vCPU","0","0 GiB","$0.504 hourly","","","$0.1061 hourly","$0.872 hourly","","","$0.1836 hourly"
"E8s v5","E8s v5","64 GiB","8","8 GiB/vCPU","0","0 GiB","$0.504 hourly","","","$0.1061 hourly","$0.872 hourly","","","$0.1836 hourly"
"E8s v6","E8s v6","64 GiB","8","8 GiB/vCPU","0","0 GiB","$0.529 hourly","","","$0.1097 hourly","$0.897 hourly","","","$0.186 hourly"
"E8s v7","E8s v7","64 GiB","8","8 GiB/vCPU","0","0 GiB","$0.695 hourly","","","$0.1284 hourly","$1.063 hourly","","","$0.1964 hourly"
"E8 v3","E8 v3","64 GiB","8","8 GiB/vCPU","0","200 GiB","$0.504 hourly","","","$0.0988 hourly","$0.872 hourly","","","$0.1709 hourly"
"E8 v4","E8 v4","64 GiB","8","8 GiB/vCPU","0","0 GiB","$0.504 hourly","","","$0.1061 hourly","$0.872 hourly","","","$0.1836 hourly"
"E8 v5","E8 v5","64 GiB","8","8 GiB/vCPU","0","0 GiB","$0.504 hourly","","","$0.1061 hourly","$0.872 hourly","","","$0.1836 hourly"
"E96-48s v6","E96-48s v6","768 GiB","96","8 GiB/vCPU","0","0 GiB","$6.048 hourly","","","$1.2737 hourly","$11.328 hourly","","","$2.3823 hourly"
"E96ads v5","E96ads v5","672 GiB","96","7 GiB/vCPU","0","3600 GiB","$6.288 hourly","","","$1.4029 hourly","$10.704 hourly","","","$2.3881 hourly"
"E96ads v6","E96ads v6","672 GiB","96","7 GiB/vCPU","0","5280 GiB","$6.97 hourly","","","$1.4609 hourly","$11.386 hourly","","","$2.3865 hourly"
"E96ads v7","E96ads v7","768 GiB","96","8 GiB/vCPU","0","5280 GiB","$6.97 hourly","","","$1.3006 hourly","$11.386 hourly","","","$2.1269 hourly"
"E96as v4","E96as v4","672 GiB","96","7 GiB/vCPU","0","1344 GiB","$6.048 hourly","","","$1.3535 hourly","$10.464 hourly","","","$2.3418 hourly"
"E96as v5","E96as v5","672 GiB","96","7 GiB/vCPU","0","0 GiB","$5.424 hourly","","","$1.2101 hourly","$9.84 hourly","","","$2.1953 hourly"
"E96as v6","E96as v6","672 GiB","96","7 GiB/vCPU","0","0 GiB","$5.722 hourly","","","$1.1993 hourly","$10.138 hourly","","","$2.1249 hourly"
"E96as v7","E96as v7","768 GiB","96","8 GiB/vCPU","0","0 GiB","$5.722 hourly","","","$1.0677 hourly","$10.138 hourly","","","$1.8938 hourly"
"E96a v4","E96a v4","672 GiB","96","7 GiB/vCPU","0","2400 GiB","$6.048 hourly","","","$1.3535 hourly","$10.464 hourly","","","$2.3418 hourly"
"E96bds v5","E96bds v5","672 GiB","96","7 GiB/vCPU","0","3600 GiB","$8.016 hourly","","","$1.6858 hourly","$12.432 hourly","","","$2.6145 hourly"
"E96bds v6","E96bds v6","768 GiB","96","8 GiB/vCPU","0","5280 GiB","$9.379 hourly","","","$1.9583 hourly","$13.795 hourly","","","$2.8804 hourly"
"E96bs v5","E96bs v5","672 GiB","96","7 GiB/vCPU","0","0 GiB","$7.152 hourly","","","$1.5062 hourly","$11.568 hourly","","","$2.4362 hourly"
"E96bs v6","E96bs v6","768 GiB","96","8 GiB/vCPU","0","0 GiB","$8.371 hourly","","","$1.6742 hourly","$12.787 hourly","","","$2.5574 hourly"
"E96ds v5","E96ds v5","672 GiB","96","7 GiB/vCPU","0","3600 GiB","$6.912 hourly","","","$1.4536 hourly","$11.328 hourly","","","$2.3823 hourly"
"E96ds v6","E96ds v6","768 GiB","96","8 GiB/vCPU","0","5280 GiB","$7.849 hourly","","","$1.6389 hourly","$12.265 hourly","","","$2.5609 hourly"
"E96ds v7","E96ds v7","768 GiB","96","8 GiB/vCPU","0","5280 GiB","$9.979 hourly","","","$1.9958 hourly","$14.395 hourly","","","$2.879 hourly"
"E96d v5","E96d v5","672 GiB","96","7 GiB/vCPU","0","3600 GiB","$6.912 hourly","","","$1.4536 hourly","$11.328 hourly","","","$2.3823 hourly"
"E96nds v6","E96nds v4","768 GiB","96","8 GiB/vCPU","0","5280 GiB","$9.379 hourly","","","$1.9583 hourly","$13.795 hourly","","","$2.8804 hourly"
"E96ns v6","E96ns v4","768 GiB","96","8 GiB/vCPU","0","0 GiB","$8.368 hourly","","","$1.7355 hourly","$12.784 hourly","","","$2.6514 hourly"
"Standard E96pds v6","E96pds v6","672 GiB","96","7 GiB/vCPU","0","5280 GiB","$5.616 hourly","","","$1.9544 hourly","","","",""
"Standard E96ps v6","E96ps v6","672 GiB","96","7 GiB/vCPU","0","0 GiB","$4.426 hourly","","","$1.5402 hourly","","","",""
"E96s v5","E96s v5","672 GiB","96","7 GiB/vCPU","0","0 GiB","$6.048 hourly","","","$1.2737 hourly","$10.464 hourly","","","$2.2037 hourly"
"E96s v6","E96s v6","768 GiB","96","8 GiB/vCPU","0","0 GiB","$6.35 hourly","","","$1.317 hourly","$10.766 hourly","","","$2.2329 hourly"
"E96s v7","E96s v7","768 GiB","96","8 GiB/vCPU","0","0 GiB","$8.336 hourly","","","$1.6672 hourly","$12.752 hourly","","","$2.5504 hourly"
"E96 v5","E96 v5","672 GiB","96","7 GiB/vCPU","0","0 GiB","$6.048 hourly","","","$1.2737 hourly","$10.464 hourly","","","$2.2037 hourly"
"EC128eds v6","EC128eds v6","1024 GiB","128","8 GiB/vCPU","0","7040 GiB","$10.465 hourly","","","$2.093 hourly","$16.353 hourly","","","$3.2706 hourly"
"EC128es v6","EC128es v6","1024 GiB","128","8 GiB/vCPU","0","0 GiB","$8.467 hourly","","","$1.6934 hourly","$14.355 hourly","","","$2.871 hourly"
"EC16ads v5","EC16ads v5","128 GiB","16","8 GiB/vCPU","0","600 GiB","$1.048 hourly","","","$0.2212 hourly","$1.784 hourly","","","$0.3766 hourly"
"EC16ads v6","EC16ads v6","128 GiB","16","8 GiB/vCPU","0","600 GiB","$1.162 hourly","","","$0.2452 hourly","$1.898 hourly","","","$0.4005 hourly"
"EC16as v5","EC16as v5","128 GiB","16","8 GiB/vCPU","0","0 GiB","$0.904 hourly","","","$0.1908 hourly","$1.64 hourly","","","$0.3462 hourly"
"EC16as v6","EC16as v6","128 GiB","16","8 GiB/vCPU","0","0 GiB","$0.954 hourly","","","$0.2013 hourly","$1.69 hourly","","","$0.3566 hourly"
"EC16eds v6","EC16eds v6","128 GiB","16","8 GiB/vCPU","0","880 GiB","$1.308 hourly","","","$0.2417 hourly","$2.044 hourly","","","$0.3777 hourly"
"EC16es v6","EC16es v6","128 GiB","16","8 GiB/vCPU","0","0 GiB","$1.058 hourly","","","$0.1955 hourly","$1.794 hourly","","","$0.3315 hourly"
"EC20ads v5","EC20ads v5","160 GiB","20","8 GiB/vCPU","0","750 GiB","$1.31 hourly","","","$0.2765 hourly","$2.23 hourly","","","$0.4708 hourly"
"EC20as v5","EC20as v5","160 GiB","20","8 GiB/vCPU","0","0 GiB","$1.13 hourly","","","$0.2385 hourly","$2.05 hourly","","","$0.4328 hourly"
"EC2ads v5","EC2ads v5","16 GiB","2","8 GiB/vCPU","0","75 GiB","$0.131 hourly","","","$0.0277 hourly","$0.223 hourly","","","$0.0471 hourly"
"EC2ads v6","EC2ads v6","16 GiB","2","8 GiB/vCPU","0","75 GiB","$0.145 hourly","","","$0.0306 hourly","$0.237 hourly","","","$0.05 hourly"
"EC2as v5","EC2as v5","16 GiB","2","8 GiB/vCPU","0","0 GiB","$0.113 hourly","","","$0.0239 hourly","$0.205 hourly","","","$0.0433 hourly"
"EC2as v6","EC2as v6","16 GiB","2","8 GiB/vCPU","0","0 GiB","$0.119 hourly","","","$0.0251 hourly","$0.211 hourly","","","$0.0445 hourly"
"EC2eds v6","EC2eds v6","16 GiB","2","8 GiB/vCPU","0","110 GiB","$0.164 hourly","","","$0.0303 hourly","$0.256 hourly","","","$0.0473 hourly"
"EC2es v6","EC2es v6","16 GiB","2","8 GiB/vCPU","0","0 GiB","$0.132 hourly","","","$0.0244 hourly","$0.224 hourly","","","$0.0414 hourly"
"EC32ads v5","EC32ads v5","192 GiB","32","6 GiB/vCPU","0","1200 GiB","$2.096 hourly","","","$0.4425 hourly","$3.568 hourly","","","$0.7532 hourly"
"EC32ads v6","EC32ads v6","192 GiB","32","6 GiB/vCPU","0","1200 GiB","$2.323 hourly","","","$0.4902 hourly","$3.795 hourly","","","$0.8007 hourly"
"EC32as v5","EC32as v5","192 GiB","32","6 GiB/vCPU","0","0 GiB","$1.808 hourly","","","$0.3817 hourly","$3.28 hourly","","","$0.6924 hourly"
"EC32as v6","EC32as v6","192 GiB","32","6 GiB/vCPU","0","0 GiB","$1.907 hourly","","","$0.4024 hourly","$3.379 hourly","","","$0.713 hourly"
"EC32eds v6","EC32eds v6","256 GiB","32","8 GiB/vCPU","0","1760 GiB","$2.616 hourly","","","$0.4834 hourly","$4.088 hourly","","","$0.7555 hourly"
"EC32es v6","EC32es v6","256 GiB","32","8 GiB/vCPU","0","0 GiB","$2.117 hourly","","","$0.3912 hourly","$3.589 hourly","","","$0.6632 hourly"
"EC48ads v5","EC48ads v5","384 GiB","48","8 GiB/vCPU","0","1800 GiB","$3.144 hourly","","","$0.6637 hourly","$5.352 hourly","","","$1.1298 hourly"
"EC48ads v6","EC48ads v6","256 GiB","48","5.33 GiB/vCPU","0","1800 GiB","$3.485 hourly","","","$0.7353 hourly","$5.693 hourly","","","$1.2012 hourly"
"EC48as v5","EC48as v5","384 GiB","48","8 GiB/vCPU","0","0 GiB","$2.712 hourly","","","$0.5725 hourly","$4.92 hourly","","","$1.0386 hourly"
"EC48as v6","EC48as v6","256 GiB","48","5.33 GiB/vCPU","0","0 GiB","$2.861 hourly","","","$0.6037 hourly","$5.069 hourly","","","$1.0696 hourly"
"EC48eds v6","EC48eds v6","384 GiB","48","8 GiB/vCPU","0","2640 GiB","$3.924 hourly","","","$0.7252 hourly","$6.132 hourly","","","$1.1332 hourly"
"EC48es v6","EC48es v6","384 GiB","48","8 GiB/vCPU","0","0 GiB","$3.175 hourly","","","$0.5867 hourly","$5.383 hourly","","","$0.9948 hourly"
"EC4ads v5","EC4ads v5","32 GiB","4","8 GiB/vCPU","0","150 GiB","$0.262 hourly","","","$0.0553 hourly","$0.446 hourly","","","$0.0942 hourly"
"EC4ads v6","EC4ads v6","32 GiB","4","8 GiB/vCPU","0","150 GiB","$0.29 hourly","","","$0.0612 hourly","$0.474 hourly","","","$0.10 hourly"
"EC4as v5","EC4as v5","32 GiB","4","8 GiB/vCPU","0","0 GiB","$0.226 hourly","","","$0.0477 hourly","$0.41 hourly","","","$0.0866 hourly"
"EC4as v6","EC4as v6","32 GiB","4","8 GiB/vCPU","0","0 GiB","$0.238 hourly","","","$0.0502 hourly","$0.422 hourly","","","$0.089 hourly"
"EC4eds v6","EC4eds v6","32 GiB","4","8 GiB/vCPU","0","220 GiB","$0.327 hourly","","","$0.0604 hourly","$0.511 hourly","","","$0.0944 hourly"
"EC4es v6","EC4es v6","32 GiB","4","8 GiB/vCPU","0","0 GiB","$0.265 hourly","","","$0.049 hourly","$0.449 hourly","","","$0.083 hourly"
"EC64ads v5","EC64ads v5","512 GiB","64","8 GiB/vCPU","0","2400 GiB","$4.192 hourly","","","$0.8849 hourly","$7.136 hourly","","","$1.5064 hourly"
"EC64ads v6","EC64ads v6","384 GiB","64","6 GiB/vCPU","0","2400 GiB","$4.646 hourly","","","$0.9803 hourly","$7.59 hourly","","","$1.6015 hourly"
"EC64as v5","EC64as v5","512 GiB","64","8 GiB/vCPU","0","0 GiB","$3.616 hourly","","","$0.7633 hourly","$6.56 hourly","","","$1.3848 hourly"
"EC64as v6","EC64as v6","384 GiB","64","6 GiB/vCPU","0","0 GiB","$3.814 hourly","","","$0.8048 hourly","$6.758 hourly","","","$1.4259 hourly"
"EC64eds v6","EC64eds v6","512 GiB","64","8 GiB/vCPU","0","3520 GiB","$5.233 hourly","","","$0.9671 hourly","$8.177 hourly","","","$1.5111 hourly"
"EC64es v6","EC64es v6","512 GiB","64","8 GiB/vCPU","0","0 GiB","$4.234 hourly","","","$0.7824 hourly","$7.178 hourly","","","$1.3265 hourly"
"EC8ads v5","EC8ads v5","64 GiB","8","8 GiB/vCPU","0","300 GiB","$0.524 hourly","","","$0.1106 hourly","$0.892 hourly","","","$0.1883 hourly"
"EC8ads v6","EC8ads v6","64 GiB","8","8 GiB/vCPU","0","300 GiB","$0.581 hourly","","","$0.1226 hourly","$0.949 hourly","","","$0.2002 hourly"
"EC8as v5","EC8as v5","64 GiB","8","8 GiB/vCPU","0","0 GiB","$0.452 hourly","","","$0.0954 hourly","$0.82 hourly","","","$0.1731 hourly"
"EC8as v6","EC8as v6","64 GiB","8","8 GiB/vCPU","0","0 GiB","$0.477 hourly","","","$0.1006 hourly","$0.845 hourly","","","$0.1783 hourly"
"EC8eds v6","EC8eds v6","64 GiB","8","8 GiB/vCPU","0","440 GiB","$0.654 hourly","","","$0.1209 hourly","$1.022 hourly","","","$0.1889 hourly"
"EC8es v6","EC8es v6","64 GiB","8","8 GiB/vCPU","0","0 GiB","$0.529 hourly","","","$0.0978 hourly","$0.897 hourly","","","$0.1658 hourly"
"EC96ads v5","EC96ads v5","672 GiB","96","7 GiB/vCPU","0","2400 GiB","$6.288 hourly","","","$1.3274 hourly","$10.704 hourly","","","$2.2596 hourly"
"EC96ads v6","EC96ads v6","672 GiB","96","7 GiB/vCPU","0","3600 GiB","$6.97 hourly","","","$1.4707 hourly","$11.386 hourly","","","$2.4024 hourly"
"EC96as v5","EC96as v5","672 GiB","96","7 GiB/vCPU","0","0 GiB","$5.424 hourly","","","$1.145 hourly","$9.84 hourly","","","$2.0772 hourly"
"EC96as v6","EC96as v6","672 GiB","96","7 GiB/vCPU","0","0 GiB","$5.722 hourly","","","$1.2073 hourly","$10.138 hourly","","","$2.1391 hourly"
"EC96iads v5","EC96iads v5","672 GiB","96","7 GiB/vCPU","0","2400 GiB","$6.917 hourly","","","$1.4602 hourly","$11.333 hourly","","","$2.3924 hourly"
"EC96ias v5","EC96ias v5","672 GiB","96","7 GiB/vCPU","0","0 GiB","$5.966 hourly","","","$1.2594 hourly","$10.382 hourly","","","$2.1916 hourly"
"F1","F1","2 GiB","1","2 GiB/vCPU","0","16 GiB","$0.0497 hourly","","","$0.0097 hourly","$0.0957 hourly","","","$0.0188 hourly"
"F16","F16","32 GiB","16","2 GiB/vCPU","0","256 GiB","$1.432 hourly","","","$0.2646 hourly","$1.532 hourly","","","$0.3003 hourly"
"F16ads v7","F16ads v7","64 GiB","16","4 GiB/vCPU","0","1760 GiB","$1.372 hourly","","","$0.2535 hourly","$2.108 hourly","","","$0.3896 hourly"
"F16alds v7","F16alds v7","32 GiB","16","2 GiB/vCPU","0","1760 GiB","$1.145 hourly","","","$0.2116 hourly","$1.881 hourly","","","$0.3476 hourly"
"F16als v6","F16als v6","32 GiB","16","2 GiB/vCPU","0","0 GiB","$0.968 hourly","","","$0.2098 hourly","$1.704 hourly","","","$0.3703 hourly"
"F16als v7","F16als v7","32 GiB","16","2 GiB/vCPU","0","0 GiB","$0.968 hourly","","","$0.1789 hourly","$1.704 hourly","","","$0.3149 hourly"
"F16amds v7","F16amds v7","128 GiB","16","8 GiB/vCPU","0","1760 GiB","$1.744 hourly","","","$0.3223 hourly","$2.48 hourly","","","$0.4583 hourly"
"F16ams v6","F16ams v6","128 GiB","16","8 GiB/vCPU","0","0 GiB","$1.432 hourly","","","$0.3103 hourly","$2.168 hourly","","","$0.4711 hourly"
"F16ams v7","F16ams v7","128 GiB","16","8 GiB/vCPU","0","0 GiB","$1.432 hourly","","","$0.2646 hourly","$2.168 hourly","","","$0.4006 hourly"
"F16as v6","F16as v6","64 GiB","16","4 GiB/vCPU","0","0 GiB","$1.093 hourly","","","$0.2369 hourly","$1.829 hourly","","","$0.3974 hourly"
"F16as v7","F16as v7","64 GiB","16","4 GiB/vCPU","0","0 GiB","$1.093 hourly","","","$0.202 hourly","$1.829 hourly","","","$0.338 hourly"
"F16s","F16s","32 GiB","16","2 GiB/vCPU","0","64 GiB","$0.796 hourly","","","$0.156 hourly","$1.532 hourly","","","$0.3003 hourly"
"F16s v2","F16s v2","32 GiB","16","2 GiB/vCPU","0","128 GiB","$0.677 hourly","","","$0.1523 hourly","$1.416 hourly","","","$0.3186 hourly"
"F1ads v7","F1ads v7","4 GiB","1","4 GiB/vCPU","0","110 GiB","$0.0858 hourly","","","$0.0159 hourly","$0.132 hourly","","","$0.0244 hourly"
"F1alds v7","F1alds v7","2 GiB","1","2 GiB/vCPU","0","110 GiB","$0.0715 hourly","","","$0.0132 hourly","$0.118 hourly","","","$0.0218 hourly"
"F1als v7","F1als v7","2 GiB","1","2 GiB/vCPU","0","0 GiB","$0.0605 hourly","","","$0.0112 hourly","$0.107 hourly","","","$0.0198 hourly"
"F1amds v7","F1amds v7","8 GiB","1","8 GiB/vCPU","0","110 GiB","$0.109 hourly","","","$0.0201 hourly","$0.155 hourly","","","$0.0286 hourly"
"F1ams v7","F1ams v7","8 GiB","1","8 GiB/vCPU","0","0 GiB","$0.0895 hourly","","","$0.0165 hourly","$0.136 hourly","","","$0.0251 hourly"
"F1as v7","F1as v7","4 GiB","1","4 GiB/vCPU","0","0 GiB","$0.0683 hourly","","","$0.0126 hourly","$0.114 hourly","","","$0.0211 hourly"
"F1s","F1s","2 GiB","1","2 GiB/vCPU","0","4 GiB","$0.0497 hourly","","","$0.0097 hourly","$0.0957 hourly","","","$0.0188 hourly"
"F2","F2","4 GiB","2","2 GiB/vCPU","0","32 GiB","$0.179 hourly","","","$0.0331 hourly","$0.31 hourly","","","$0.0573 hourly"
"F2ads v7","F2ads v7","8 GiB","2","4 GiB/vCPU","0","220 GiB","$0.172 hourly","","","$0.0318 hourly","$0.264 hourly","","","$0.0488 hourly"
"F2alds v7","F2alds v7","4 GiB","2","2 GiB/vCPU","0","220 GiB","$0.143 hourly","","","$0.0264 hourly","$0.235 hourly","","","$0.0434 hourly"
"F2als v6","F2als v6","4 GiB","2","2 GiB/vCPU","0","0 GiB","$0.121 hourly","","","$0.0262 hourly","$0.213 hourly","","","$0.0463 hourly"
"F2als v7","F2als v7","4 GiB","2","2 GiB/vCPU","0","0 GiB","$0.121 hourly","","","$0.0224 hourly","$0.213 hourly","","","$0.0394 hourly"
"F2amds v7","F2amds v7","16 GiB","2","8 GiB/vCPU","0","220 GiB","$0.218 hourly","","","$0.0403 hourly","$0.31 hourly","","","$0.0573 hourly"
"F2ams v6","F2ams v6","16 GiB","2","8 GiB/vCPU","0","0 GiB","$0.179 hourly","","","$0.0388 hourly","$0.271 hourly","","","$0.0589 hourly"
"F2ams v7","F2ams v7","16 GiB","2","8 GiB/vCPU","0","0 GiB","$0.179 hourly","","","$0.0331 hourly","$0.271 hourly","","","$0.0501 hourly"
"F2as v6","F2as v6","8 GiB","2","4 GiB/vCPU","0","0 GiB","$0.137 hourly","","","$0.0297 hourly","$0.229 hourly","","","$0.0498 hourly"
"F2as v7","F2as v7","8 GiB","2","4 GiB/vCPU","0","0 GiB","$0.137 hourly","","","$0.0253 hourly","$0.229 hourly","","","$0.0423 hourly"
"F2s","F2s","4 GiB","2","2 GiB/vCPU","0","8 GiB","$0.099 hourly","","","$0.0194 hourly","$0.192 hourly","","","$0.0376 hourly"
"F2s v2","F2s v2","4 GiB","2","2 GiB/vCPU","0","16 GiB","$0.0846 hourly","","","$0.019 hourly","$0.177 hourly","","","$0.0398 hourly"
"F32-8ams v7","F32-8ams v7","256 GiB","32","8 GiB/vCPU","0","0 GiB","$3.489 hourly","","","$0.6448 hourly","$4.961 hourly","","","$0.9168 hourly"
"F32ads v7","F32ads v7","128 GiB","32","4 GiB/vCPU","0","3520 GiB","$2.744 hourly","","","$0.5071 hourly","$4.216 hourly","","","$0.7791 hourly"
"F32alds v7","F32alds v7","64 GiB","32","2 GiB/vCPU","0","3520 GiB","$2.29 hourly","","","$0.4232 hourly","$3.762 hourly","","","$0.6952 hourly"
"F32als v6","F32als v6","64 GiB","32","2 GiB/vCPU","0","0 GiB","$1.936 hourly","","","$0.4195 hourly","$3.408 hourly","","","$0.7406 hourly"
"F32als v7","F32als v7","64 GiB","32","2 GiB/vCPU","0","0 GiB","$1.936 hourly","","","$0.3578 hourly","$3.408 hourly","","","$0.6298 hourly"
"F32amds v7","F32amds v7","256 GiB","32","8 GiB/vCPU","0","3520 GiB","$3.489 hourly","","","$0.6448 hourly","$4.961 hourly","","","$0.9168 hourly"
"F32ams v6","F32ams v6","256 GiB","32","8 GiB/vCPU","0","0 GiB","$2.864 hourly","","","$0.6206 hourly","$4.336 hourly","","","$0.9422 hourly"
"F32ams v7","F32ams v7","256 GiB","32","8 GiB/vCPU","0","0 GiB","$2.864 hourly","","","$0.5293 hourly","$4.336 hourly","","","$0.8013 hourly"
"F32as v6","F32as v6","128 GiB","32","4 GiB/vCPU","0","0 GiB","$2.186 hourly","","","$0.4737 hourly","$3.658 hourly","","","$0.7949 hourly"
"F32as v7","F32as v7","128 GiB","32","4 GiB/vCPU","0","0 GiB","$2.186 hourly","","","$0.404 hourly","$3.658 hourly","","","$0.676 hourly"
"F32s v2","F32s v2","64 GiB","32","2 GiB/vCPU","0","256 GiB","$1.353 hourly","","","$0.3044 hourly","$2.83 hourly","","","$0.6368 hourly"
"F4","F4","8 GiB","4","2 GiB/vCPU","0","64 GiB","$0.358 hourly","","","$0.0662 hourly","$0.542 hourly","","","$0.1002 hourly"
"F48ads v7","F48ads v7","192 GiB","48","4 GiB/vCPU","0","5280 GiB","$4.116 hourly","","","$0.7606 hourly","$6.324 hourly","","","$1.1687 hourly"
"F48alds v7","F48alds v7","96 GiB","48","2 GiB/vCPU","0","5280 GiB","$3.434 hourly","","","$0.6346 hourly","$5.642 hourly","","","$1.0426 hourly"
"F48als v6","F48als v6","96 GiB","48","2 GiB/vCPU","0","0 GiB","$2.904 hourly","","","$0.6293 hourly","$5.112 hourly","","","$1.1108 hourly"
"F48als v7","F48als v7","96 GiB","48","2 GiB/vCPU","0","0 GiB","$2.904 hourly","","","$0.5367 hourly","$5.112 hourly","","","$0.9447 hourly"
"F48amds v7","F48amds v7","384 GiB","48","8 GiB/vCPU","0","5280 GiB","$5.233 hourly","","","$0.9671 hourly","$7.441 hourly","","","$1.3751 hourly"
"F48ams v6","F48ams v6","384 GiB","48","8 GiB/vCPU","0","0 GiB","$4.296 hourly","","","$0.9309 hourly","$6.504 hourly","","","$1.4133 hourly"
"F48ams v7","F48ams v7","384 GiB","48","8 GiB/vCPU","0","0 GiB","$4.296 hourly","","","$0.7939 hourly","$6.504 hourly","","","$1.2019 hourly"
"F48as v6","F48as v6","192 GiB","48","4 GiB/vCPU","0","0 GiB","$3.278 hourly","","","$0.7103 hourly","$5.486 hourly","","","$1.1921 hourly"
"F48as v7","F48as v7","192 GiB","48","4 GiB/vCPU","0","0 GiB","$3.278 hourly","","","$0.6058 hourly","$5.486 hourly","","","$1.0138 hourly"
"F48s v2","F48s v2","96 GiB","48","2 GiB/vCPU","0","384 GiB","$2.03 hourly","","","$0.4568 hourly","$4.24 hourly","","","$0.954 hourly"
"F4ads v7","F4ads v7","16 GiB","4","4 GiB/vCPU","0","440 GiB","$0.343 hourly","","","$0.0634 hourly","$0.527 hourly","","","$0.0974 hourly"
"F4alds v7","F4alds v7","8 GiB","4","2 GiB/vCPU","0","440 GiB","$0.286 hourly","","","$0.0529 hourly","$0.47 hourly","","","$0.0869 hourly"
"F4als v6","F4als v6","8 GiB","4","2 GiB/vCPU","0","0 GiB","$0.242 hourly","","","$0.0524 hourly","$0.426 hourly","","","$0.0926 hourly"
"F4als v7","F4als v7","8 GiB","4","2 GiB/vCPU","0","0 GiB","$0.242 hourly","","","$0.0447 hourly","$0.426 hourly","","","$0.0787 hourly"
"F4amds v7","F4amds v7","32 GiB","4","8 GiB/vCPU","0","440 GiB","$0.436 hourly","","","$0.0806 hourly","$0.62 hourly","","","$0.1146 hourly"
"F4ams v6","F4ams v6","32 GiB","4","8 GiB/vCPU","0","0 GiB","$0.358 hourly","","","$0.0776 hourly","$0.542 hourly","","","$0.1178 hourly"
"F4ams v7","F4ams v7","32 GiB","4","8 GiB/vCPU","0","0 GiB","$0.358 hourly","","","$0.0662 hourly","$0.542 hourly","","","$0.1002 hourly"
"F4as v6","F4as v6","16 GiB","4","4 GiB/vCPU","0","0 GiB","$0.273 hourly","","","$0.0592 hourly","$0.457 hourly","","","$0.0993 hourly"
"F4as v7","F4as v7","16 GiB","4","4 GiB/vCPU","0","0 GiB","$0.273 hourly","","","$0.0505 hourly","$0.457 hourly","","","$0.0845 hourly"
"F4s","F4s","8 GiB","4","2 GiB/vCPU","0","16 GiB","$0.199 hourly","","","$0.039 hourly","$0.383 hourly","","","$0.0751 hourly"
"F4s v2","F4s v2","8 GiB","4","2 GiB/vCPU","0","32 GiB","$0.169 hourly","","","$0.038 hourly","$0.354 hourly","","","$0.0797 hourly"
"F64-32ams v7","F64-32ams v7","512 GiB","64","8 GiB/vCPU","0","0 GiB","$5.728 hourly","","","$1.0585 hourly","$9.921 hourly","","","$1.8334 hourly"
"F64ads v7","F64ads v7","256 GiB","64","4 GiB/vCPU","0","7040 GiB","$5.488 hourly","","","$1.0142 hourly","$8.432 hourly","","","$1.5582 hourly"
"F64alds v7","F64alds v7","128 GiB","64","2 GiB/vCPU","0","7040 GiB","$4.579 hourly","","","$0.8462 hourly","$7.523 hourly","","","$1.3903 hourly"
"F64als v6","F64als v6","128 GiB","64","2 GiB/vCPU","0","0 GiB","$3.872 hourly","","","$0.8391 hourly","$6.816 hourly","","","$1.4811 hourly"
"F64als v7","F64als v7","128 GiB","64","2 GiB/vCPU","0","0 GiB","$3.872 hourly","","","$0.7155 hourly","$6.816 hourly","","","$1.2596 hourly"
"F64amds v7","F64amds v7","512 GiB","64","8 GiB/vCPU","0","7040 GiB","$6.977 hourly","","","$1.2894 hourly","$9.921 hourly","","","$1.8334 hourly"
"F64ams v6","F64ams v6","512 GiB","64","8 GiB/vCPU","0","0 GiB","$5.728 hourly","","","$1.2413 hourly","$8.672 hourly","","","$1.8844 hourly"
"F64ams v7","F64ams v7","512 GiB","64","8 GiB/vCPU","0","0 GiB","$5.728 hourly","","","$1.0585 hourly","$8.672 hourly","","","$1.6026 hourly"
"F64as v6","F64as v6","256 GiB","64","4 GiB/vCPU","0","0 GiB","$4.371 hourly","","","$0.9472 hourly","$7.315 hourly","","","$1.5896 hourly"
"F64as v7","F64as v7","256 GiB","64","4 GiB/vCPU","0","0 GiB","$4.371 hourly","","","$0.8078 hourly","$7.315 hourly","","","$1.3518 hourly"
"F64s v2","F64s v2","128 GiB","64","2 GiB/vCPU","0","512 GiB","$2.706 hourly","","","$0.6089 hourly","$5.66 hourly","","","$1.2735 hourly"
"F72s v2","F72s v2","144 GiB","72","2 GiB/vCPU","0","576 GiB","$3.045 hourly","","","$0.6851 hourly","$5.86 hourly","","","$1.3185 hourly"
"F8","F8","16 GiB","8","2 GiB/vCPU","0","128 GiB","$0.716 hourly","","","$0.1323 hourly","$0.766 hourly","","","$0.1501 hourly"
"F80ads v7","F80ads v7","320 GiB","80","4 GiB/vCPU","0","8800 GiB","$6.86 hourly","","","$1.2677 hourly","$10.54 hourly","","","$1.9478 hourly"
"F80alds v7","F80alds v7","160 GiB","80","2 GiB/vCPU","0","8800 GiB","$5.724 hourly","","","$1.0578 hourly","$9.404 hourly","","","$1.7379 hourly"
"F80als v7","F80als v7","160 GiB","80","2 GiB/vCPU","0","0 GiB","$4.84 hourly","","","$0.8944 hourly","$8.52 hourly","","","$1.5745 hourly"
"F80amds v7","F80amds v7","640 GiB","80","8 GiB/vCPU","0","8000 GiB","$8.722 hourly","","","$1.6118 hourly","$12.402 hourly","","","$2.2919 hourly"
"F80ams v7","F80ams v7","640 GiB","80","8 GiB/vCPU","0","0 GiB","$7.16 hourly","","","$1.3232 hourly","$10.84 hourly","","","$2.0032 hourly"
"F80as v7","F80as v7","320 GiB","80","4 GiB/vCPU","0","0 GiB","$5.464 hourly","","","$1.0097 hourly","$9.144 hourly","","","$1.6898 hourly"
"F8ads v7","F8ads v7","32 GiB","8","4 GiB/vCPU","0","880 GiB","$0.686 hourly","","","$0.1268 hourly","$1.054 hourly","","","$0.1948 hourly"
"F8alds v7","F8alds v7","16 GiB","8","2 GiB/vCPU","0","880 GiB","$0.572 hourly","","","$0.1057 hourly","$0.94 hourly","","","$0.1737 hourly"
"F8als v6","F8als v6","16 GiB","8","2 GiB/vCPU","0","0 GiB","$0.484 hourly","","","$0.1049 hourly","$0.852 hourly","","","$0.1851 hourly"
"F8als v7","F8als v7","16 GiB","8","2 GiB/vCPU","0","0 GiB","$0.484 hourly","","","$0.0894 hourly","$0.852 hourly","","","$0.1575 hourly"
"F8amds v7","F8amds v7","64 GiB","8","8 GiB/vCPU","0","880 GiB","$0.872 hourly","","","$0.1611 hourly","$1.24 hourly","","","$0.2292 hourly"
"F8ams v6","F8ams v6","64 GiB","8","8 GiB/vCPU","0","0 GiB","$0.716 hourly","","","$0.1552 hourly","$1.084 hourly","","","$0.2356 hourly"
"F8ams v7","F8ams v7","64 GiB","8","8 GiB/vCPU","0","0 GiB","$0.716 hourly","","","$0.1323 hourly","$1.084 hourly","","","$0.2003 hourly"
"F8as v6","F8as v6","32 GiB","8","4 GiB/vCPU","0","0 GiB","$0.546 hourly","","","$0.1183 hourly","$0.914 hourly","","","$0.1986 hourly"
"F8as v7","F8as v7","32 GiB","8","4 GiB/vCPU","0","0 GiB","$0.546 hourly","","","$0.1009 hourly","$0.914 hourly","","","$0.1689 hourly"
"F8s","F8s","16 GiB","8","2 GiB/vCPU","0","32 GiB","$0.398 hourly","","","$0.078 hourly","$0.766 hourly","","","$0.1501 hourly"
"F8s v2","F8s v2","16 GiB","8","2 GiB/vCPU","0","64 GiB","$0.338 hourly","","","$0.0761 hourly","$0.708 hourly","","","$0.1593 hourly"
"FX12-6ms v2","FX12-6ms v2","252 GiB","12","21 GiB/vCPU","0","0 GiB","$1.328 hourly","","","$0.2787 hourly","$1.88 hourly","","","$0.3946 hourly"
"FX12mds","FX12mds","252 GiB","12","21 GiB/vCPU","0","504 GiB","$1.116 hourly","","","$0.2062 hourly","$1.668 hourly","","","$0.3082 hourly"
"FX12mds v2","FX12mds v2","252 GiB","12","21 GiB/vCPU","0","880 GiB","$1.641 hourly","","","$0.3444 hourly","$2.193 hourly","","","$0.4603 hourly"
"FX12ms v2","FX12ms v2","252 GiB","12","21 GiB/vCPU","0","0 GiB","$1.328 hourly","","","$0.2787 hourly","$1.88 hourly","","","$0.3946 hourly"
"FX16-8ms v2","FX16-8ms v2","336 GiB","16","21 GiB/vCPU","0","0 GiB","$2.188 hourly","","","$0.4593 hourly","$2.924 hourly","","","$0.6137 hourly"
"FX16mds v2","FX16mds v2","336 GiB","16","21 GiB/vCPU","0","880 GiB","$2.188 hourly","","","$0.4593 hourly","$2.924 hourly","","","$0.6137 hourly"
"FX16ms v2","FX16ms v2","336 GiB","16","21 GiB/vCPU","0","0 GiB","$1.771 hourly","","","$0.3717 hourly","$2.507 hourly","","","$0.5262 hourly"
"FX24-6ms v2","FX24-6ms v2","504 GiB","24","21 GiB/vCPU","0","0 GiB","$3.282 hourly","","","$0.6889 hourly","$3.76 hourly","","","$0.7892 hourly"
"FX24mds","FX24mds","504 GiB","24","21 GiB/vCPU","0","1008 GiB","$2.232 hourly","","","$0.4125 hourly","$3.336 hourly","","","$0.6165 hourly"
"FX24mds v2","FX24mds v2","504 GiB","24","21 GiB/vCPU","0","1320 GiB","$3.282 hourly","","","$0.6889 hourly","$4.386 hourly","","","$0.9206 hourly"
"FX24ms v2","FX24ms v2","504 GiB","24","21 GiB/vCPU","0","0 GiB","$2.656 hourly","","","$0.5575 hourly","$3.76 hourly","","","$0.7892 hourly"
"FX2mds v2","FX2mds v2","42 GiB","2","21 GiB/vCPU","0","110 GiB","$0.274 hourly","","","$0.0575 hourly","$0.366 hourly","","","$0.0768 hourly"
"FX2ms v2","FX2ms v2","42 GiB","2","21 GiB/vCPU","0","0 GiB","$0.221 hourly","","","$0.0464 hourly","$0.313 hourly","","","$0.0657 hourly"
"FX32-8ms v2","FX32-8ms v2","672 GiB","32","21 GiB/vCPU","0","0 GiB","$4.377 hourly","","","$0.9187 hourly","$5.013 hourly","","","$1.0522 hourly"
"FX32mds v2","FX32mds v2","672 GiB","32","21 GiB/vCPU","0","1760 GiB","$4.377 hourly","","","$0.9187 hourly","$5.849 hourly","","","$1.2277 hourly"
"FX32ms v2","FX32ms v2","672 GiB","32","21 GiB/vCPU","0","0 GiB","$3.541 hourly","","","$0.7433 hourly","$5.013 hourly","","","$1.0522 hourly"
"FX36mds","FX36mds","756 GiB","36","21 GiB/vCPU","0","1512 GiB","$3.348 hourly","","","$0.6187 hourly","$5.004 hourly","","","$0.9247 hourly"
"FX4-2ms v2","FX4-2ms v2","84 GiB","4","21 GiB/vCPU","0","0 GiB","$0.547 hourly","","","$0.1148 hourly","$0.627 hourly","","","$0.1316 hourly"
"FX48-24ms v2","FX48-24ms v2","1008 GiB","48","21 GiB/vCPU","0","0 GiB","$6.565 hourly","","","$1.378 hourly","$7.52 hourly","","","$1.5784 hourly"
"FX48mds","FX48mds","1008 GiB","48","21 GiB/vCPU","0","2016 GiB","$4.464 hourly","","","$0.8249 hourly","$6.672 hourly","","","$1.233 hourly"
"FX48mds v2","FX48mds v2","1008 GiB","48","21 GiB/vCPU","0","2640 GiB","$6.565 hourly","","","$1.378 hourly","$8.773 hourly","","","$1.8415 hourly"
"FX48ms v2","FX48ms v2","1008 GiB","48","21 GiB/vCPU","0","0 GiB","$5.312 hourly","","","$1.115 hourly","$7.52 hourly","","","$1.5784 hourly"
"FX4mds","FX4mds","84 GiB","4","21 GiB/vCPU","0","168 GiB","$0.372 hourly","","","$0.0687 hourly","$0.556 hourly","","","$0.1027 hourly"
"FX4mds v2","FX4mds v2","84 GiB","4","21 GiB/vCPU","0","220 GiB","$0.547 hourly","","","$0.1148 hourly","$0.731 hourly","","","$0.1534 hourly"
"FX4ms v2","FX4ms v2","84 GiB","4","21 GiB/vCPU","0","0 GiB","$0.443 hourly","","","$0.093 hourly","$0.627 hourly","","","$0.1316 hourly"
"FX64-32ms v2","FX64-32ms v2","1344 GiB","64","21 GiB/vCPU","0","0 GiB","$7.082 hourly","","","$1.4865 hourly","$11.697 hourly","","","$2.4552 hourly"
"FX64mds v2","FX64mds v2","1344 GiB","64","21 GiB/vCPU","0","3520 GiB","$8.753 hourly","","","$1.8373 hourly","$11.697 hourly","","","$2.4552 hourly"
"FX64ms v2","FX64ms v2","1344 GiB","64","21 GiB/vCPU","0","0 GiB","$7.082 hourly","","","$1.4865 hourly","$10.026 hourly","","","$2.1045 hourly"
"FX8-4ms v2","FX8-4ms v2","168 GiB","8","21 GiB/vCPU","0","0 GiB","$1.094 hourly","","","$0.2296 hourly","$1.462 hourly","","","$0.3069 hourly"
"FX8mds v2","FX8mds v2","168 GiB","8","21 GiB/vCPU","0","440 GiB","$1.094 hourly","","","$0.2296 hourly","$1.462 hourly","","","$0.3069 hourly"
"FX8ms v2","FX8ms v2","168 GiB","8","21 GiB/vCPU","0","0 GiB","$0.885 hourly","","","$0.1858 hourly","$1.253 hourly","","","$0.263 hourly"
"FX96-48ms v2","FX96-48ms v2","1832 GiB","96","19.08 GiB/vCPU","0","0 GiB","$13.13 hourly","","","$2.756 hourly","$17.546 hourly","","","$3.6829 hourly"
"FX96mds v2","FX96mds v2","1832 GiB","96","19.08 GiB/vCPU","0","5280 GiB","$13.13 hourly","","","$2.756 hourly","$17.546 hourly","","","$3.6829 hourly"
"FX96ms v2","FX96ms v2","1832 GiB","96","19.08 GiB/vCPU","0","0 GiB","$10.623 hourly","","","$2.2298 hourly","$15.039 hourly","","","$3.1567 hourly"
"G1","G1","28 GiB","2","14 GiB/vCPU","0","384 GiB","$0.55 hourly","","","$0.1016 hourly","$0.61 hourly","","","$0.1127 hourly"
"G2","G2","56 GiB","4","14 GiB/vCPU","0","768 GiB","$1.10 hourly","","","$0.2033 hourly","$1.22 hourly","","","$0.2255 hourly"
"G3","G3","112 GiB","8","14 GiB/vCPU","0","1536 GiB","","","","","","","",""
"G4","G4","224 GiB","16","14 GiB/vCPU","0","3072 GiB","","","","","","","",""
"G5","G5","448 GiB","32","14 GiB/vCPU","0","6144 GiB","","","","","","","",""
"GS1","Gs1","28 GiB","2","14 GiB/vCPU","0","56 GiB","$0.55 hourly","","","$0.1016 hourly","$0.61 hourly","","","$0.1127 hourly"
"GS2","Gs2","56 GiB","4","14 GiB/vCPU","0","112 GiB","$1.10 hourly","","","$0.2033 hourly","$1.22 hourly","","","$0.2255 hourly"
"GS3","Gs3","112 GiB","8","14 GiB/vCPU","0","224 GiB","","","","","","","",""
"GS4","Gs4","224 GiB","16","14 GiB/vCPU","0","448 GiB","","","","","","","",""
"GS5","Gs5","448 GiB","32","14 GiB/vCPU","0","896 GiB","","","","","","","",""
"H16","H16","112 GiB","16","7 GiB/vCPU","0","2000 GiB","$1.807 hourly","","","$0.3339 hourly","$3.508 hourly","","","$0.6483 hourly"
"H16m","H16m","224 GiB","16","14 GiB/vCPU","0","2000 GiB","$2.422 hourly","","","$0.4476 hourly","$4.699 hourly","","","$0.8684 hourly"
"H16mr","H16mr","224 GiB","16","14 GiB/vCPU","0","2000 GiB","$2.664 hourly","","","$0.4923 hourly","$5.169 hourly","","","$0.9552 hourly"
"H16r","H16r","112 GiB","16","7 GiB/vCPU","0","2000 GiB","$1.988 hourly","","","$0.3674 hourly","$3.858 hourly","","","$0.713 hourly"
"H8","H8","56 GiB","8","7 GiB/vCPU","0","1000 GiB","$0.904 hourly","","","$0.1671 hourly","$1.754 hourly","","","$0.3241 hourly"
"H8m","H8m","112 GiB","8","14 GiB/vCPU","0","1000 GiB","$1.211 hourly","","","$0.2238 hourly","$2.35 hourly","","","$0.4343 hourly"
"HB120-96rs v3","HB120-96rs v3","456 GiB","120","3.8 GiB/vCPU","0","2100 GiB","$3.60 hourly","","","$0.6653 hourly","$9.12 hourly","","","$1.6854 hourly"
"HB120rs v2","HB120rs v2","456 GiB","120","3.8 GiB/vCPU","0","480 GiB","$3.60 hourly","","","$0.9922 hourly","$9.12 hourly","","","$2.5135 hourly"
"HB120rs v3","HB120rs v3","456 GiB","120","3.8 GiB/vCPU","0","2100 GiB","$3.60 hourly","","","$0.6653 hourly","$9.12 hourly","","","$1.6854 hourly"
"HB176-96rs v4","HB176-96rs v4","768 GiB","176","4.36 GiB/vCPU","0","3600 GiB","$7.20 hourly","","","$1.4594 hourly","$15.296 hourly","","","$3.1005 hourly"
"HB176rs v4","HB176rs v4","768 GiB","176","4.36 GiB/vCPU","0","3600 GiB","$7.20 hourly","","","$1.4594 hourly","$15.296 hourly","","","$3.1005 hourly"
"HB368-96rs v5","HB368-96rs v5","438 GiB","368","1.19 GiB/vCPU","0","15360 GiB","$19.80 hourly","","","$3.96 hourly","$36.728 hourly","","","$7.3456 hourly"
"HB368rs v5","HB368rs v5","438 GiB","368","1.19 GiB/vCPU","0","15360 GiB","$19.80 hourly","","","$3.659 hourly","$36.728 hourly","","","$6.7873 hourly"
"HB60-45rs","HB60-45rs","228 GiB","60","3.8 GiB/vCPU","0","700 GiB","$2.28 hourly","","","$0.4213 hourly","$5.04 hourly","","","$0.9314 hourly"
"HB60rs","HB60rs","228 GiB","60","3.8 GiB/vCPU","0","700 GiB","$2.28 hourly","","","$0.4213 hourly","$5.04 hourly","","","$0.9314 hourly"
"HC44-32rs","HC44-32rs","352 GiB","44","8 GiB/vCPU","0","700 GiB","$3.168 hourly","","","$0.7559 hourly","$5.192 hourly","","","$1.2388 hourly"
"HC44rs","HC44rs","352 GiB","44","8 GiB/vCPU","0","700 GiB","$3.168 hourly","","","$0.7559 hourly","$5.192 hourly","","","$1.2388 hourly"
"HX176-96rs","HX176-96rs","1408 GiB","176","8 GiB/vCPU","0","3600 GiB","$8.64 hourly","","","$1.7513 hourly","$16.736 hourly","","","$3.3924 hourly"
"HX176rs","HX176rs","1408 GiB","176","8 GiB/vCPU","0","3600 GiB","$8.64 hourly","","","$1.7513 hourly","$16.736 hourly","","","$3.3924 hourly"
"L12aos v4","L12aos v4","96 GiB","12","8 GiB/vCPU","0","8640 GiB","$1.356 hourly","","","$0.2844 hourly","$1.908 hourly","","","$0.4001 hourly"
"L16aos v4","L16aos v4","128 GiB","16","8 GiB/vCPU","0","11520 GiB","$1.808 hourly","","","$0.3791 hourly","$2.544 hourly","","","$0.5335 hourly"
"L16as v3","L16as v3","128 GiB","16","8 GiB/vCPU","0","160 GiB","$1.248 hourly","","","$0.2784 hourly","$1.984 hourly","","","$0.4426 hourly"
"L16as v4","L16as v4","128 GiB","16","8 GiB/vCPU","0","3840 GiB","$1.376 hourly","","","$0.2884 hourly","$2.112 hourly","","","$0.4427 hourly"
"L16s","L16s","128 GiB","16","8 GiB/vCPU","0","2807 GiB","","","","","","","",""
"L16s v2","L16s v2","128 GiB","16","8 GiB/vCPU","0","160 GiB","$1.248 hourly","","","$0.2889 hourly","$1.984 hourly","","","$0.4593 hourly"
"L16s v3","L16s v3","128 GiB","16","8 GiB/vCPU","0","160 GiB","$1.392 hourly","","","$0.3557 hourly","$2.128 hourly","","","$0.5418 hourly"
"L16s v4","L16s v4","128 GiB","16","8 GiB/vCPU","0","3840 GiB","$1.392 hourly","","","$0.2922 hourly","$2.128 hourly","","","$0.4467 hourly"
"L24aos v4","L24aos v4","192 GiB","24","8 GiB/vCPU","0","17280 GiB","$2.712 hourly","","","$0.5687 hourly","$3.816 hourly","","","$0.8002 hourly"
"L2aos v4","L2aos v4","16 GiB","2","8 GiB/vCPU","0","1440 GiB","$0.226 hourly","","","$0.0474 hourly","$0.318 hourly","","","$0.0667 hourly"
"L2as v4","L2as v4","16 GiB","2","8 GiB/vCPU","0","480 GiB","$0.172 hourly","","","$0.0361 hourly","$0.264 hourly","","","$0.0553 hourly"
"L2s v4","L2s v4","16 GiB","2","8 GiB/vCPU","0","480 GiB","$0.174 hourly","","","$0.0365 hourly","$0.266 hourly","","","$0.0558 hourly"
"L32aos v4","L32aos v4","256 GiB","32","8 GiB/vCPU","0","23040 GiB","$3.616 hourly","","","$0.7583 hourly","$5.088 hourly","","","$1.067 hourly"
"L32as v3","L32as v3","256 GiB","32","8 GiB/vCPU","0","320 GiB","$2.496 hourly","","","$0.5569 hourly","$3.968 hourly","","","$0.8853 hourly"
"L32as v4","L32as v4","256 GiB","32","8 GiB/vCPU","0","7680 GiB","$2.752 hourly","","","$0.5768 hourly","$4.224 hourly","","","$0.8854 hourly"
"L32s","L32s","256 GiB","32","8 GiB/vCPU","0","5630 GiB","","","","","","","",""
"L32s v2","L32s v2","256 GiB","32","8 GiB/vCPU","0","320 GiB","$2.496 hourly","","","$0.5778 hourly","$3.968 hourly","","","$0.9186 hourly"
"L32s v3","L32s v3","256 GiB","32","8 GiB/vCPU","0","320 GiB","$2.784 hourly","","","$0.7113 hourly","$4.256 hourly","","","$1.0836 hourly"
"L32s v4","L32s v4","256 GiB","32","8 GiB/vCPU","0","7680 GiB","$2.784 hourly","","","$0.5844 hourly","$4.256 hourly","","","$0.8933 hourly"
"L48as v3","L48as v3","384 GiB","48","8 GiB/vCPU","0","480 GiB","$3.744 hourly","","","$0.8353 hourly","$5.952 hourly","","","$1.3279 hourly"
"L48as v4","L48as v4","384 GiB","48","8 GiB/vCPU","0","11520 GiB","$4.128 hourly","","","$0.8652 hourly","$6.336 hourly","","","$1.328 hourly"
"L48s v2","L48s v2","384 GiB","48","8 GiB/vCPU","0","480 GiB","$3.744 hourly","","","$0.8667 hourly","$5.952 hourly","","","$1.3779 hourly"
"L48s v3","L48s v3","384 GiB","48","8 GiB/vCPU","0","480 GiB","$4.176 hourly","","","$1.067 hourly","$6.384 hourly","","","$1.6254 hourly"
"L48s v4","L48s v4","384 GiB","48","8 GiB/vCPU","0","11520 GiB","$4.176 hourly","","","$0.8765 hourly","$6.384 hourly","","","$1.34 hourly"
"L4aos v4","L4aos v4","32 GiB","4","8 GiB/vCPU","0","2880 GiB","$0.452 hourly","","","$0.0948 hourly","$0.636 hourly","","","$0.1334 hourly"
"L4as v4","L4as v4","32 GiB","4","8 GiB/vCPU","0","960 GiB","$0.344 hourly","","","$0.0721 hourly","$0.528 hourly","","","$0.1107 hourly"
"L4s","L4s","32 GiB","4","8 GiB/vCPU","0","678 GiB","$0.343 hourly","","","$0.0634 hourly","$0.889 hourly","","","$0.1643 hourly"
"L4s v4","L4s v4","32 GiB","4","8 GiB/vCPU","0","960 GiB","$0.348 hourly","","","$0.073 hourly","$0.532 hourly","","","$0.1117 hourly"
"L64as v3","L64as v3","512 GiB","64","8 GiB/vCPU","0","640 GiB","$4.992 hourly","","","$1.1137 hourly","$7.936 hourly","","","$1.7705 hourly"
"L64as v4","L64as v4","512 GiB","64","8 GiB/vCPU","0","15360 GiB","$5.504 hourly","","","$1.1536 hourly","$8.448 hourly","","","$1.7707 hourly"
"L64s v2","L64s v2","512 GiB","64","8 GiB/vCPU","0","640 GiB","$4.992 hourly","","","$1.1556 hourly","$7.936 hourly","","","$1.8372 hourly"
"L64s v3","L64s v3","512 GiB","64","8 GiB/vCPU","0","640 GiB","$5.568 hourly","","","$1.4226 hourly","$8.512 hourly","","","$2.1672 hourly"
"L64s v4","L64s v4","512 GiB","64","8 GiB/vCPU","0","15360 GiB","$5.568 hourly","","","$1.1687 hourly","$8.512 hourly","","","$1.7867 hourly"
"L80as v3","L80as v3","640 GiB","80","8 GiB/vCPU","0","800 GiB","$6.24 hourly","","","$1.3921 hourly","$9.92 hourly","","","$2.2132 hourly"
"L80as v4","L80as v4","640 GiB","80","8 GiB/vCPU","0","19200 GiB","$6.88 hourly","","","$1.442 hourly","$10.56 hourly","","","$2.2134 hourly"
"L80s v2","L80s v2","640 GiB","80","8 GiB/vCPU","0","800 GiB","$6.24 hourly","","","$1.4446 hourly","$9.92 hourly","","","$2.2965 hourly"
"L80s v3","L80s v3","640 GiB","80","8 GiB/vCPU","0","800 GiB","$6.96 hourly","","","$1.7783 hourly","$10.64 hourly","","","$2.7089 hourly"
"L80s v4","L80s v4","640 GiB","80","8 GiB/vCPU","0","19200 GiB","$6.96 hourly","","","$1.4609 hourly","$10.64 hourly","","","$2.2333 hourly"
"L8aos v4","L8aos v4","64 GiB","8","8 GiB/vCPU","0","5760 GiB","$0.904 hourly","","","$0.1896 hourly","$1.272 hourly","","","$0.2667 hourly"
"L8as v3","L8as v3","64 GiB","8","8 GiB/vCPU","0","80 GiB","$0.624 hourly","","","$0.1392 hourly","$0.992 hourly","","","$0.2213 hourly"
"L8as v4","L8as v4","64 GiB","8","8 GiB/vCPU","0","1920 GiB","$0.688 hourly","","","$0.1442 hourly","$1.056 hourly","","","$0.2213 hourly"
"L8s","L8s","64 GiB","8","8 GiB/vCPU","0","1388 GiB","$0.686 hourly","","","$0.1268 hourly","","","",""
"L8s v2","L8s v2","64 GiB","8","8 GiB/vCPU","0","80 GiB","$0.624 hourly","","","$0.1445 hourly","$0.992 hourly","","","$0.2296 hourly"
"L8s v3","L8s v3","64 GiB","8","8 GiB/vCPU","0","80 GiB","$0.696 hourly","","","$0.1778 hourly","$1.064 hourly","","","$0.2709 hourly"
"L8s v4","L8s v4","64 GiB","8","8 GiB/vCPU","0","1920 GiB","$0.696 hourly","","","$0.1461 hourly","$1.056 hourly","","","$0.2213 hourly"
"L96as v4","L96as v4","768 GiB","96","8 GiB/vCPU","0","23040 GiB","$8.256 hourly","","","$1.7305 hourly","$12.672 hourly","","","$2.6561 hourly"
"L96s v4","L96s v4","768 GiB","96","8 GiB/vCPU","0","23040 GiB","$8.352 hourly","","","$1.7531 hourly","$12.768 hourly","","","$2.68 hourly"
"M128","M128","2048 GiB","128","16 GiB/vCPU","0","14336 GiB","$45.96 hourly","","","$8.4934 hourly","$35.814 hourly","","","$6.6184 hourly"
"M128bds 3 v3","M128bds3 v3","2794 GiB","128","21.83 GiB/vCPU","0","6000 GiB","$45.96 hourly","","","$8.4934 hourly","$51.85 hourly","","","$9.5819 hourly"
"M128bds v3","M128bds v3","1024 GiB","128","8 GiB/vCPU","0","400 GiB","$11.71 hourly","","","$2.164 hourly","$17.60 hourly","","","$3.2525 hourly"
"M128bs v3","M128bs v3","1024 GiB","128","8 GiB/vCPU","0","0 GiB","$11.16 hourly","","","$2.0624 hourly","","","","$2.6075 hourly"
"M128dms v2","M128dms v2","3892 GiB","128","30.41 GiB/vCPU","0","4096 GiB","$26.69 hourly","","","$4.9323 hourly","$32.578 hourly","","","$6.0204 hourly"
"M128ds v2","M128ds v2","2048 GiB","128","16 GiB/vCPU","0","4096 GiB","$13.34 hourly","","","$2.4652 hourly","$19.228 hourly","","","$3.5533 hourly"
"M128m","M128m","3892 GiB","128","30.41 GiB/vCPU","0","14336 GiB","$26.688 hourly","","","$4.9319 hourly","$35.814 hourly","","","$6.6184 hourly"
"M128ms","M128ms","3892 GiB","128","30.41 GiB/vCPU","0","4096 GiB","$26.688 hourly","","","$4.9319 hourly","$35.814 hourly","","","$6.6184 hourly"
"M128ms v2","M128ms v2","3892 GiB","128","30.41 GiB/vCPU","0","0 GiB","$26.269 hourly","","","$4.8545 hourly","$32.157 hourly","","","$5.9426 hourly"
"M128s","M128s","2048 GiB","128","16 GiB/vCPU","0","4096 GiB","$13.338 hourly","","","$2.4649 hourly","$19.226 hourly","","","$3.553 hourly"
"M128s v2","M128s v2","2048 GiB","128","16 GiB/vCPU","0","0 GiB","$12.919 hourly","","","$2.3874 hourly","$18.807 hourly","","","$3.4755 hourly"
"M12ds v3","M12ds v3","240 GiB","12","20 GiB/vCPU","0","400 GiB","$1.63 hourly","","","$0.3012 hourly","$2.18 hourly","","","$0.4029 hourly"
"M12s v3","M12s v3","240 GiB","12","20 GiB/vCPU","0","0 GiB","$1.54 hourly","","","$0.2846 hourly","$2.09 hourly","","","$0.3862 hourly"
"M16-8ms","M16-8ms","437.5 GiB","16","27.34 GiB/vCPU","0","256 GiB","$3.073 hourly","","","$0.5679 hourly","$4.2138 hourly","","","$0.7787 hourly"
"M16bds v3","M16bds v3","128 GiB","16","8 GiB/vCPU","0","400 GiB","$1.46 hourly","","","$0.2698 hourly","$2.20 hourly","","","$0.4066 hourly"
"M16bs v3","M16bs v3","128 GiB","16","8 GiB/vCPU","0","0 GiB","$1.40 hourly","","","$0.2587 hourly","$2.13 hourly","","","$0.3936 hourly"
"M16ms","M16ms","437.5 GiB","16","27.34 GiB/vCPU","0","512 GiB","$3.073 hourly","","","$0.5679 hourly","$4.2138 hourly","","","$0.7787 hourly"
"M176-88bs v3","M176-88bs v3","1536 GiB","176","8.73 GiB/vCPU","0","0 GiB","$62.83 hourly","","","$11.611 hourly","$19.40 hourly","","","$3.5851 hourly"
"M176bds 4 v3","M176bds4 v3","3892 GiB","176","22.11 GiB/vCPU","0","8000 GiB","$62.83 hourly","","","$11.611 hourly","$70.93 hourly","","","$13.1079 hourly"
"M176bds v3","M176bds v3","1536 GiB","176","8.73 GiB/vCPU","0","400 GiB","$16.11 hourly","","","$2.9771 hourly","$24.20 hourly","","","$4.4722 hourly"
"M176bs v3","M176bs v3","1536 GiB","176","8.73 GiB/vCPU","0","0 GiB","$15.34 hourly","","","$2.8348 hourly","","","","$3.5851 hourly"
"M176ds 3 v3","M176ds3 v3","2794 GiB","176","15.88 GiB/vCPU","0","400 GiB","$19.00 hourly","","","$3.5112 hourly","$27.10 hourly","","","$5.0081 hourly"
"M176ds 4 v3","M176ds4 v3","3892 GiB","176","22.11 GiB/vCPU","0","400 GiB","$26.47 hourly","","","$4.8917 hourly","$34.56 hourly","","","$6.3867 hourly"
"M176s 3 v3","M176s3 v3","2794 GiB","176","15.88 GiB/vCPU","0","0 GiB","$17.88 hourly","","","$3.3042 hourly","$25.98 hourly","","","$4.8011 hourly"
"M176s 4 v3","M176s4 v3","3892 GiB","176","22.11 GiB/vCPU","0","0 GiB","$24.91 hourly","","","$4.6034 hourly","$33.00 hourly","","","$6.0984 hourly"
"M192idms v2","M192idms v2","4096 GiB","192","21.33 GiB/vCPU","0","4096 GiB","$32.064 hourly","","","$5.9254 hourly","$40.896 hourly","","","$7.5576 hourly"
"M192ids v2","M192ids v2","2048 GiB","192","10.67 GiB/vCPU","0","4096 GiB","$16.032 hourly","","","$2.9627 hourly","$24.864 hourly","","","$4.5949 hourly"
"M192ims v2","M192ims v2","4096 GiB","192","21.33 GiB/vCPU","0","0 GiB","$31.643 hourly","","","$5.8476 hourly","$40.476 hourly","","","$7.48 hourly"
"M192is v2","M192is v2","2048 GiB","192","10.67 GiB/vCPU","0","0 GiB","$15.611 hourly","","","$2.8849 hourly","$24.444 hourly","","","$4.5173 hourly"
"M208ms v2","M208ms v2","5700 GiB","208","27.4 GiB/vCPU","0","4096 GiB","$44.62 hourly","","","$8.2458 hourly","$54.188 hourly","","","$10.0139 hourly"
"M208s v2","M208s v2","2850 GiB","208","13.7 GiB/vCPU","0","4096 GiB","$22.31 hourly","","","$4.1229 hourly","$31.878 hourly","","","$5.8911 hourly"
"M24ds v3","M24ds v3","480 GiB","24","20 GiB/vCPU","0","400 GiB","$3.26 hourly","","","$0.6024 hourly","$4.37 hourly","","","$0.8076 hourly"
"M24s v3","M24s v3","480 GiB","24","20 GiB/vCPU","0","0 GiB","$3.07 hourly","","","$0.5673 hourly","$4.18 hourly","","","$0.7725 hourly"
"M32-8ms","M32-8ms","875 GiB","32","27.34 GiB/vCPU","0","1024 GiB","$6.146 hourly","","","$1.1358 hourly","$8.4276 hourly","","","$1.5574 hourly"
"M32bds v3","M32bds v3","256 GiB","32","8 GiB/vCPU","0","400 GiB","$2.93 hourly","","","$0.5415 hourly","$4.40 hourly","","","$0.8131 hourly"
"M32bs v3","M32bs v3","256 GiB","32","8 GiB/vCPU","0","0 GiB","$2.79 hourly","","","$0.5156 hourly","$4.26 hourly","","","$0.7872 hourly"
"M32dms v2","M32dms v2","875 GiB","32","27.34 GiB/vCPU","0","1024 GiB","$6.146 hourly","","","$1.1358 hourly","$7.618 hourly","","","$1.4078 hourly"
"M32ls","M32ls","256 GiB","32","8 GiB/vCPU","0","1024 GiB","$2.873 hourly","","","$0.5309 hourly","$4.345 hourly","","","$0.803 hourly"
"M32ms","M32ms","875 GiB","32","27.34 GiB/vCPU","0","1024 GiB","$6.146 hourly","","","$1.1358 hourly","$8.4276 hourly","","","$1.5574 hourly"
"M32ms v2","M32ms v2","875 GiB","32","27.34 GiB/vCPU","0","0 GiB","$6.041 hourly","","","$1.1164 hourly","$7.513 hourly","","","$1.3884 hourly"
"M32ts","M32ts","192 GiB","32","6 GiB/vCPU","0","1024 GiB","$2.707 hourly","","","$0.5003 hourly","$4.179 hourly","","","$0.7723 hourly"
"M416bs v3","M416bs v3","3800 GiB","416","9.13 GiB/vCPU","0","0 GiB","$48.14 hourly","","","$8.8963 hourly","$67.276 hourly","","","$12.4326 hourly"
"M416ds 6 v3","M416ds6 v3","5700 GiB","416","13.7 GiB/vCPU","0","400 GiB","$58.0665 hourly","","","$10.7307 hourly","$77.2025 hourly","","","$14.267 hourly"
"M416ds 8 v3","M416ds8 v3","7600 GiB","416","18.27 GiB/vCPU","0","400 GiB","$77.422 hourly","","","$14.3076 hourly","$96.558 hourly","","","$17.8439 hourly"
"M416ms v2","M416ms v2","11400 GiB","416","27.4 GiB/vCPU","0","8192 GiB","$99.15 hourly","","","$18.3229 hourly","$118.29 hourly","","","$21.86 hourly"
"M416s 6 v3","M416s6 v3","5700 GiB","416","13.7 GiB/vCPU","0","0 GiB","$55.3014 hourly","","","$10.2197 hourly","$74.4374 hourly","","","$13.756 hourly"
"M416s 8 v2","M416s_8_v2","7600 GiB","416","18.27 GiB/vCPU","0","4096 GiB","$66.11 hourly","","","$12.2171 hourly","$85.25 hourly","","","$15.7542 hourly"
"M416s 8 v3","M416s8 v3","7600 GiB","416","18.27 GiB/vCPU","0","0 GiB","$73.7352 hourly","","","$13.6263 hourly","$92.8712 hourly","","","$17.1626 hourly"
"M416s v2","M416s v2","5700 GiB","416","13.7 GiB/vCPU","0","8192 GiB","$49.58 hourly","","","$9.1624 hourly","$68.716 hourly","","","$12.6987 hourly"
"M48bds v3","M48bds v3","384 GiB","48","8 GiB/vCPU","0","400 GiB","$4.39 hourly","","","$0.8113 hourly","$6.60 hourly","","","$1.2197 hourly"
"M48bs v3","M48bs v3","384 GiB","48","8 GiB/vCPU","0","0 GiB","$4.18 hourly","","","$0.7725 hourly","$6.39 hourly","","","$1.1809 hourly"
"M48ds 1 v3","M48ds1 v3","974 GiB","48","20.29 GiB/vCPU","0","400 GiB","$6.62 hourly","","","$1.2234 hourly","$8.83 hourly","","","$1.6318 hourly"
"M48s 1 v3","M48s1 v3","974 GiB","48","20.29 GiB/vCPU","0","0 GiB","$6.23 hourly","","","$1.1513 hourly","$8.44 hourly","","","$1.5597 hourly"
"M624ds 12 v3","M624ds12 v3","11400 GiB","624","18.27 GiB/vCPU","0","400 GiB","$116.1329 hourly","","","$21.4614 hourly","$144.8369 hourly","","","$26.7659 hourly"
"M624s 12 v3","M624s12 v3","11400 GiB","624","18.27 GiB/vCPU","0","0 GiB","$110.6028 hourly","","","$20.4394 hourly","$139.3068 hourly","","","$25.7439 hourly"
"M64","M64","1024 GiB","64","16 GiB/vCPU","0","7168 GiB","$6.669 hourly","","","$1.2324 hourly","$14.641 hourly","","","$2.7057 hourly"
"M64-32bds1 v3","M64-32bds1 v3","1397 GiB","64","21.83 GiB/vCPU","0","3000 GiB","$22.98 hourly","","","$4.2467 hourly","$25.92 hourly","","","$4.79 hourly"
"M64bds 1 v3","M64bds1 v3","1397 GiB","64","21.83 GiB/vCPU","0","3000 GiB","$22.98 hourly","","","$4.2467 hourly","","","","$4.79 hourly"
"M64bds v3","M64bds v3","512 GiB","64","8 GiB/vCPU","0","400 GiB","$5.86 hourly","","","$1.0829 hourly","$8.80 hourly","","","$1.6262 hourly"
"M64bs v3","M64bs v3","512 GiB","64","8 GiB/vCPU","0","0 GiB","$5.58 hourly","","","$1.0312 hourly","","","","$1.5745 hourly"
"M64dms v2","M64dms v2","1792 GiB","64","28 GiB/vCPU","0","2048 GiB","$10.34 hourly","","","$1.9108 hourly","$13.284 hourly","","","$2.4549 hourly"
"M64ds v2","M64ds v2","1024 GiB","64","16 GiB/vCPU","0","2048 GiB","$6.669 hourly","","","$1.2324 hourly","$9.613 hourly","","","$1.7765 hourly"
"M64ls","M64ls","512 GiB","64","8 GiB/vCPU","0","2048 GiB","$5.415 hourly","","","$1.0007 hourly","$8.359 hourly","","","$1.5447 hourly"
"M64m","M64m","1792 GiB","64","28 GiB/vCPU","0","7168 GiB","$10.337 hourly","","","$1.9103 hourly","$14.641 hourly","","","$2.7057 hourly"
"M64ms","M64ms","1792 GiB","64","28 GiB/vCPU","0","2048 GiB","$10.337 hourly","","","$1.9103 hourly","$14.641 hourly","","","$2.7057 hourly"
"M64ms v2","M64ms v2","1792 GiB","64","28 GiB/vCPU","0","0 GiB","$10.13 hourly","","","$1.872 hourly","$13.073 hourly","","","$2.4159 hourly"
"M64s","M64s","1024 GiB","64","16 GiB/vCPU","0","2048 GiB","$6.669 hourly","","","$1.2324 hourly","$9.613 hourly","","","$1.7765 hourly"
"M64s v2","M64s v2","1024 GiB","64","16 GiB/vCPU","0","0 GiB","$6.459 hourly","","","$1.1936 hourly","$9.403 hourly","","","$1.7377 hourly"
"M8-4ms","M8-4ms","218.75 GiB","8","27.34 GiB/vCPU","0","256 GiB","$1.5365 hourly","","","$0.2839 hourly","$2.1069 hourly","","","$0.3894 hourly"
"M832ds 12 v3","M832ds12 v3","11400 GiB","832","13.7 GiB/vCPU","0","400 GiB","$116.506 hourly","","","$21.5303 hourly","$154.778 hourly","","","$28.603 hourly"
"M832ids 16 v3","M832ids16 v3","15200 GiB","832","18.27 GiB/vCPU","0","400 GiB","$172.0488 hourly","","","$31.7946 hourly","$210.3208 hourly","","","$38.8673 hourly"
"M832is 16 v3","M832is16 v3","15200 GiB","832","18.27 GiB/vCPU","0","0 GiB","$163.856 hourly","","","$30.2806 hourly","$202.128 hourly","","","$37.3533 hourly"
"M832s 12 v3","M832s12 v3","11400 GiB","832","13.7 GiB/vCPU","0","0 GiB","$110.9581 hourly","","","$20.5051 hourly","$149.2301 hourly","","","$27.5777 hourly"
"M896ixds24 v3","M896ixds24 v3","23088 GiB","896","25.77 GiB/vCPU","0","4398 GiB","$311.688 hourly","","","$57.5999 hourly","$352.904 hourly","","","$65.2167 hourly"
"M896ixds32 v3","M896ixds32 v3","30400 GiB","896","33.93 GiB/vCPU","0","4096 GiB","$410.40 hourly","","","$75.8419 hourly","$451.616 hourly","","","$83.4586 hourly"
"M8ms","M8ms","218.75 GiB","8","27.34 GiB/vCPU","0","256 GiB","$1.5365 hourly","","","$0.2839 hourly","$2.1069 hourly","","","$0.3894 hourly"
"M96-48bds2 v3","M96-48bds2 v3","1946 GiB","96","20.27 GiB/vCPU","0","4500 GiB","$34.47 hourly","","","$6.3701 hourly","","","",""
"M96bds 2 v3","M96bds2 v3","1946 GiB","96","20.27 GiB/vCPU","0","4500 GiB","$34.47 hourly","","","$6.3701 hourly","$38.88 hourly","","","$7.185 hourly"
"M96bds v3","M96bds v3","768 GiB","96","8 GiB/vCPU","0","400 GiB","$8.79 hourly","","","$1.6244 hourly","","","","$2.4394 hourly"
"M96bs v3","M96bs v3","768 GiB","96","8 GiB/vCPU","0","0 GiB","$8.37 hourly","","","$1.5468 hourly","","","","$2.3617 hourly"
"M96ds 1 v3","M96ds1 v3","974 GiB","96","10.15 GiB/vCPU","0","400 GiB","$9.93 hourly","","","$1.8351 hourly","$14.34 hourly","","","$2.65 hourly"
"M96ds 2 v3","M96ds2 v3","1946 GiB","96","20.27 GiB/vCPU","0","400 GiB","$13.23 hourly","","","$2.4449 hourly","$17.65 hourly","","","$3.2617 hourly"
"M96s 1 v3","M96s1 v3","974 GiB","96","10.15 GiB/vCPU","0","0 GiB","$9.34 hourly","","","$1.726 hourly","$13.76 hourly","","","$2.5428 hourly"
"M96s 2 v3","M96s2 v3","1946 GiB","96","20.27 GiB/vCPU","0","0 GiB","$12.45 hourly","","","$2.3008 hourly","$16.87 hourly","","","$3.1176 hourly"
"NC12","NC12","112 GiB","12","9.33 GiB/vCPU","2X K80","680 GiB","$1.80 hourly","","","$0.3326 hourly","","","",""
"NC128dsxlRTX6K v6","NC128dsxlRTX6K v6","512 GiB","128","4 GiB/vCPU","1.00","1024 GiB","$6.38 hourly","","","$1.276 hourly","$12.268 hourly","","","$2.4536 hourly"
"NC128ldsxlRTX6K v6","NC128ldsxlRTX6K v6","256 GiB","128","2 GiB/vCPU","1.00","1024 GiB","$5.50 hourly","","","$1.10 hourly","$11.388 hourly","","","$2.2776 hourly"
"NC12s v2","NC12s v2","224 GiB","12","18.67 GiB/vCPU","2X P100","672 GiB","$4.14 hourly","","","$0.7651 hourly","","","",""
"NC12s v3","NC12s v3","224 GiB","12","18.67 GiB/vCPU","2X V100","672 GiB","$6.12 hourly","","","$1.131 hourly","$6.672 hourly","","","$1.233 hourly"
"NC132dsxlRTX6K v6","NC132dsxlRTX6K v6","516 GiB","132","3.91 GiB/vCPU","1","1024 GiB","$6.38 hourly","","","$1.276 hourly","$12.452 hourly","","","$2.4904 hourly"
"NC132ldsxlRTX6K v6","NC132ldsxlRTX6K v6","264 GiB","132","2 GiB/vCPU","1","1024 GiB","$5.50 hourly","","","$1.10 hourly","$11.572 hourly","","","$2.3144 hourly"
"NC144dsxlRTX6K v6","NC144dsxlRTX6K v6","516 GiB","144","3.58 GiB/vCPU","1","1024 GiB","$5.50 hourly","","","$1.10 hourly","$12.124 hourly","","","$2.4248 hourly"
"NC144ldsxlRTX6K v6","NC144ldsxlRTX6K v6","264 GiB","144","1.83 GiB/vCPU","1","1024 GiB","$5.50 hourly","","","$1.10 hourly","$12.124 hourly","","","$2.4248 hourly"
"NC16ads A10 v4","NC16ads A10 v4","220 GiB","16","13.75 GiB/vCPU","1X A10","1460 GiB","","","","","","","",""
"NC16as T4 v3","NC16as T4 v3","110 GiB","16","6.88 GiB/vCPU","1X T4","360 GiB","$1.204 hourly","","","$0.5142 hourly","$1.94 hourly","","","$0.8286 hourly"
"NC24","NC24","224 GiB","24","9.33 GiB/vCPU","4X K80","1440 GiB","$3.60 hourly","","","$0.6653 hourly","$4.336 hourly","","","$0.8013 hourly"
"NC24ads A100 v4","NC24ads A100 v4","220 GiB","24","9.17 GiB/vCPU","1X A100","958 GiB","$3.673 hourly","","","$0.8213 hourly","$4.777 hourly","","","$1.0681 hourly"
"NC24ldsxlRTX6K v6","NC24ldsxlRTX6K v6","72 GiB","24","3 GiB/vCPU","0.25","256 GiB","$1.13 hourly","","","$0.226 hourly","$2.234 hourly","","","$0.4468 hourly"
"NC24r","NC24r","224 GiB","24","9.33 GiB/vCPU","4X K80","1440 GiB","$3.96 hourly","","","$0.7318 hourly","","","",""
"NC24rs v2","NC24rs v2","448 GiB","24","18.67 GiB/vCPU","4X P100","1344 GiB","$9.108 hourly","","","$1.6832 hourly","","","",""
"NC24rs v3","NC24rs v3","448 GiB","24","18.67 GiB/vCPU","4X V100","1344 GiB","$13.46 hourly","","","$2.4874 hourly","$14.56 hourly","","","$2.6907 hourly"
"NC24s v2","NC24s v2","448 GiB","24","18.67 GiB/vCPU","4X P100","1344 GiB","$8.28 hourly","","","$1.5301 hourly","","","",""
"NC24s v3","NC24s v3","448 GiB","24","18.67 GiB/vCPU","4X V100","1344 GiB","$12.24 hourly","","","$2.262 hourly","$13.344 hourly","","","$2.466 hourly"
"NC256dsxlRTX6K v6","NC256dsxlRTX6K v6","1024 GiB","256","4 GiB/vCPU","2.00","2048 GiB","$12.76 hourly","","","$2.552 hourly","$24.536 hourly","","","$4.9072 hourly"
"NC256ldsxlRTX6K v6","NC256ldsxlRTX6K v6","512 GiB","256","2 GiB/vCPU","2.00","2048 GiB","$11.00 hourly","","","$2.20 hourly","$22.776 hourly","","","$4.5552 hourly"
"NC264dsxlRTX6K v6","NC264dsxlRTX6K v6","1032 GiB","264","3.91 GiB/vCPU","2","2048 GiB","$12.76 hourly","","","$2.552 hourly","$24.904 hourly","","","$4.9808 hourly"
"NC264ldsxlRTX6K v6","NC264ldsxlRTX6K v6","516 GiB","264","1.95 GiB/vCPU","2","2048 GiB","$11.00 hourly","","","$2.20 hourly","$23.144 hourly","","","$4.6288 hourly"
"NC288dsxlRTX6K v6","NC288dsxlRTX6K v6","1032 GiB","288","3.58 GiB/vCPU","2","2048 GiB","$11.00 hourly","","","$2.20 hourly","$24.248 hourly","","","$4.8496 hourly"
"NC288ldsxlRTX6K v6","NC288ldsxlRTX6K v6","516 GiB","288","1.79 GiB/vCPU","2","2048 GiB","$11.00 hourly","","","$2.20 hourly","$24.248 hourly","","","$4.8496 hourly"
"NC320dsxlRTX6K v6","NC320dsxlRTX6K v6","1280 GiB","320","4 GiB/vCPU","2.00","2048 GiB","$16.588 hourly","","","$3.3176 hourly","$31.308 hourly","","","$6.2616 hourly"
"NC320ldsxlRTX6K v6","NC320ldsxlRTX6K v6","640 GiB","320","2 GiB/vCPU","2.00","2048 GiB","$14.30 hourly","","","$2.86 hourly","$29.02 hourly","","","$5.804 hourly"
"NC324dsxlRTX6K v6","NC324dsxlRTX6K v6","1284 GiB","324","3.96 GiB/vCPU","2.78","2048 GiB","$16.588 hourly","","","$3.3176 hourly","$31.492 hourly","","","$6.2984 hourly"
"NC324ldsxlRTX6K v6","NC324ldsxlRTX6K v6","648 GiB","324","2 GiB/vCPU","2.5","2048 GiB","$14.30 hourly","","","$2.86 hourly","$29.204 hourly","","","$5.8408 hourly"
"NC32ads A10 v4","NC32ads A10 v4","440 GiB","32","13.75 GiB/vCPU","2X A10","2920 GiB","","","","","","","",""
"NC36dsxlRTX6K v6","NC36dsxlRTX6K v6","132 GiB","36","3.67 GiB/vCPU","0.25","256 GiB","$1.442 hourly","","","$0.2884 hourly","$3.098 hourly","","","$0.6196 hourly"
"NC36ldsxlRTX6K v6","NC36ldsxlRTX6K v6","72 GiB","36","2 GiB/vCPU","0.25","256 GiB","$1.243 hourly","","","$0.2486 hourly","$2.899 hourly","","","$0.5798 hourly"
"NC40ads H100 v5","NC40ads H100 v5","320 GiB","40","8 GiB/vCPU","1X H100","3576 GiB","$6.98 hourly","","","$1.7541 hourly","$8.82 hourly","","","$2.2165 hourly"
"NC48ads A100 v4","NC48ads A100 v4","440 GiB","48","9.17 GiB/vCPU","2X A100","1916 GiB","$7.346 hourly","","","$1.6426 hourly","$9.554 hourly","","","$2.1363 hourly"
"NC4as T4 v3","NC4as T4 v3","28 GiB","4","7 GiB/vCPU","1X T4","180 GiB","$0.526 hourly","","","$0.2247 hourly","$0.71 hourly","","","$0.3032 hourly"
"NC6","NC6","56 GiB","6","9.33 GiB/vCPU","1X K80","340 GiB","$0.90 hourly","","","$0.1663 hourly","","","",""
"NC64as T4 v3","NC64as T4 v3","440 GiB","64","6.88 GiB/vCPU","4X T4","2880 GiB","$4.352 hourly","","","$1.8587 hourly","$7.296 hourly","","","$3.1161 hourly"
"NC6s v2","NC6s v2","112 GiB","6","18.67 GiB/vCPU","1X P100","336 GiB","$2.07 hourly","","","$0.3825 hourly","","","",""
"NC6s v3","NC6s v3","112 GiB","6","18.67 GiB/vCPU","1X V100","336 GiB","$3.06 hourly","","","$0.5655 hourly","$3.336 hourly","","","$0.6165 hourly"
"NC72dsxlRTX6K v6","NC72dsxlRTX6K v6","264 GiB","72","3.67 GiB/vCPU","0.5","512 GiB","$2.83 hourly","","","$0.566 hourly","$6.142 hourly","","","$1.2284 hourly"
"NC72ldsxlRTX6K v6","NC72ldsxlRTX6K v6","132 GiB","72","1.83 GiB/vCPU","0.5","512 GiB","$2.44 hourly","","","$0.488 hourly","$5.752 hourly","","","$1.1504 hourly"
"NC80adis H100 v5","NC80adis H100 v5","640 GiB","80","8 GiB/vCPU","2X H100","7152 GiB","$13.96 hourly","","","$3.5081 hourly","$17.64 hourly","","","$4.4329 hourly"
"NC8ads A10 v4","NC8ads A10 v4","110 GiB","8","13.75 GiB/vCPU","1/2X A10","730 GiB","","","","","","","",""
"NC8as T4 v3","NC8as T4 v3","56 GiB","8","7 GiB/vCPU","1X T4","360 GiB","$0.752 hourly","","","$0.3212 hourly","$1.12 hourly","","","$0.4784 hourly"
"NC96ads A100 v4","NC96ads A100 v4","880 GiB","96","9.17 GiB/vCPU","4X A100","3832 GiB","$14.692 hourly","","","$3.2851 hourly","$19.108 hourly","","","$4.2725 hourly"
"NCC40ads H100 v5","NCC40ads H100 v5","320 GiB","40","8 GiB/vCPU","1X H100","3576 GiB","","","","","","","",""
"ND12s","ND12s","224 GiB","12","18.67 GiB/vCPU","2X P40","672 GiB","$4.14 hourly","","","$0.7651 hourly","","","",""
"ND24rs","ND24rs","448 GiB","24","18.67 GiB/vCPU","4X P40","1344 GiB","$9.108 hourly","","","$1.6832 hourly","","","",""
"ND24s","ND24s","448 GiB","24","18.67 GiB/vCPU","4X P40","1344 GiB","$8.28 hourly","","","$1.5301 hourly","","","",""
"ND40rs v2","ND40rs v2","672 GiB","40","16.8 GiB/vCPU","8X V100 (NVlink)","2900 GiB","$22.032 hourly","","","$4.0715 hourly","$23.872 hourly","","","$4.4115 hourly"
"ND6s","ND6s","112 GiB","6","18.67 GiB/vCPU","1X P40","336 GiB","$2.07 hourly","","","$0.3825 hourly","","","",""
"ND96amsr A100 v4","ND96amsr A100 v4","1900 GiB","96","19.79 GiB/vCPU","8x 80GB A100 (NVlink)","6400 GiB","$32.77 hourly","","","$8.5202 hourly","$37.186 hourly","","","$9.6684 hourly"
"ND96asr A100 v4","ND96asr A100 v4","900 GiB","96","9.38 GiB/vCPU","8x A100 (NVlink)","6500 GiB","$27.197 hourly","","","$5.9833 hourly","$31.613 hourly","","","$6.9549 hourly"
"ND96isr H100 v5","ND96isr H100 v5","1900 GiB","96","19.79 GiB/vCPU","8x H100","28000 GiB","$98.32 hourly","","","$18.1695 hourly","$102.736 hourly","","","$18.9856 hourly"
"ND96isr H200 v5","ND96isr H200 v5","1900 GiB","96","19.79 GiB/vCPU","8x H200","28000 GiB","","","","","","","",""
"NG16ads V620 v1","NG16ads V620 v1","32 GiB","16","2 GiB/vCPU","1/2","512 GiB","","","","","","","",""
"NG32adms V620 v1","NG32adms V620 v1","176 GiB","32","5.5 GiB/vCPU","1","1024 GiB","","","","","","","",""
"NG32ads V620 v1","NG32ads V620 v1","64 GiB","32","2 GiB/vCPU","1","1024 GiB","","","","","","","",""
"NG8ads V620 v1","NG8ads V620 v1","16 GiB","8","2 GiB/vCPU","1/4","256 GiB","","","","","","","",""
"NM16ads MA35D","NM16ads MA35D","30 GiB","16","1.88 GiB/vCPU","1x ASIC VPU","71 GiB","$1.95 hourly","","","$0.3604 hourly","$2.686 hourly","","","$0.4964 hourly"
"Standard NP10s","NP10s","168 GiB","10","16.8 GiB/vCPU","0","700 GiB","$1.65 hourly","","","$0.3049 hourly","","","",""
"Standard NP20s","NP20s","336 GiB","20","16.8 GiB/vCPU","0","1400 GiB","$3.30 hourly","","","$0.6098 hourly","","","",""
"Standard NP40s","NP40s","672 GiB","40","16.8 GiB/vCPU","0","2800 GiB","$6.60 hourly","","","$1.2197 hourly","","","",""
"NV12","NV12","112 GiB","12","9.33 GiB/vCPU","2X M60","680 GiB","$2.28 hourly","","","$0.4213 hourly","","","",""
"NV12ads A10 v5","NV12ads A10 v5","110 GiB","12","9.17 GiB/vCPU","1/3X A10","320 GiB","$0.908 hourly","","","$0.1678 hourly","$1.46 hourly","","","$0.2698 hourly"
"NV12ads V710 v5","NV12ads v710 v5","64 GiB","12","5.33 GiB/vCPU","1/2 V710","768 GiB","$1.00 hourly","","","$0.1848 hourly","$1.552 hourly","","","$0.2868 hourly"
"NV12s v3","NV12s v3","112 GiB","12","9.33 GiB/vCPU","1X M60","736 GiB","$1.14 hourly","","","$0.2107 hourly","$1.692 hourly","","","$0.3127 hourly"
"Standard NV16as v4","NV16as v4","56 GiB","16","3.5 GiB/vCPU","1/2 MI25 (8GB VRAM)","352 GiB","","","","","$1.668 hourly","","","$0.3082 hourly"
"NV18ads A10 v5","NV18ads A10 v5","220 GiB","18","12.22 GiB/vCPU","1/2X A10","720 GiB","$1.60 hourly","","","$0.2957 hourly","$2.428 hourly","","","$0.4487 hourly"
"NV24","NV24","224 GiB","24","9.33 GiB/vCPU","4X M60","1440 GiB","$4.56 hourly","","","$0.8427 hourly","","","",""
"NV24ads V710 v5","NV24ads V710 v5","128 GiB","24","5.33 GiB/vCPU","1 V710","1536 GiB","$2.00 hourly","","","$0.3696 hourly","$3.104 hourly","","","$0.5736 hourly"
"NV24s v3","NV24s v3","224 GiB","24","9.33 GiB/vCPU","2X M60","1474 GiB","$2.28 hourly","","","$0.4213 hourly","$3.384 hourly","","","$0.6254 hourly"
"NV28ads v710 v5","NV28ads v710 v5","160 GiB","28","5.71 GiB/vCPU","1 V710","1536 GiB","$2.40 hourly","","","$0.4435 hourly","$3.688 hourly","","","$0.6815 hourly"
"Standard NV32as v4","NV32as v4","112 GiB","32","3.5 GiB/vCPU","1x MI25 (16GB VRAM)","700 GiB","","","","","$3.336 hourly","","","$0.6165 hourly"
"NV36adms A10 v5","NV36adms A10 v5","880 GiB","36","24.44 GiB/vCPU","1X A10","720 GiB","$4.52 hourly","","","$0.8353 hourly","$6.176 hourly","","","$1.1413 hourly"
"NV36ads A10 v5","NV36ads A10 v5","440 GiB","36","12.22 GiB/vCPU","1X A10","720 GiB","$3.20 hourly","","","$0.5914 hourly","$4.856 hourly","","","$0.8974 hourly"
"NV48s v3","NV48s v3","448 GiB","48","9.33 GiB/vCPU","4X M60","2948 GiB","$4.56 hourly","","","$0.8427 hourly","$6.768 hourly","","","$1.2507 hourly"
"NV4ads V710 v5","NV4ads V710 v5","16 GiB","4","4 GiB/vCPU","1/6 V710","256 GiB","$0.333 hourly","","","$0.0615 hourly","$0.517 hourly","","","$0.0955 hourly"
"Standard NV4as v4","NV4as v4","14 GiB","4","3.5 GiB/vCPU","1/8th MI25 (2GB VRAM)","88 GiB","","","","","$0.417 hourly","","","$0.0771 hourly"
"NV6","NV6","56 GiB","6","9.33 GiB/vCPU","1X M60","340 GiB","$1.14 hourly","","","$0.2107 hourly","","","",""
"NV6adsv5","NV6adsv5","55 GiB","6","9.17 GiB/vCPU","1/6X A10","180 GiB","$0.454 hourly","","","$0.0839 hourly","$0.73 hourly","","","$0.1349 hourly"
"NV72ads A10 v5","NV72ads A10 v5","880 GiB","72","12.22 GiB/vCPU","2X A10","1400 GiB","$6.52 hourly","","","$1.2049 hourly","$9.832 hourly","","","$1.817 hourly"
"NV8ads V710 v5","NV8ads v710 v5","32 GiB","8","4 GiB/vCPU","1/3 V710","512 GiB","$0.667 hourly","","","$0.1233 hourly","$1.035 hourly","","","$0.1913 hourly"
"Standard NV8as v4","NV8as v4","28 GiB","8","3.5 GiB/vCPU","1/4th MI25 (4GB VRAM)","176 GiB","","","","","$0.834 hourly","","","$0.1541 hourly"
"S192","S192","2048 GiB","192","10.67 GiB/vCPU","0","8192 GiB","","","","","","","",""
"S192m","S192m","4096 GiB","192","21.33 GiB/vCPU","0","16384 GiB","","","","","","","",""
"S192xm","S192xm","6144 GiB","192","32 GiB/vCPU","0","16384 GiB","","","","","","","",""
"S224","S224","3072 GiB","224","13.71 GiB/vCPU","0","6125 GiB","","","","","","","",""
"S224m","S224m","6144 GiB","224","27.43 GiB/vCPU","0","10250 GiB","","","","","","","",""
"S224om","S224om","3072 GiB","224","13.71 GiB/vCPU","0","10250 GiB","","","","","","","",""
"S224oo","S224oo","1536 GiB","224","6.86 GiB/vCPU","0","8187 GiB","","","","","","","",""
"S224oom","S224oom","3072 GiB","224","13.71 GiB/vCPU","0","14375 GiB","","","","","","","",""
"S224ooo","S224ooo","1536 GiB","224","6.86 GiB/vCPU","0","12312 GiB","","","","","","","",""
"S32m","S32m","1536 GiB","32","48 GiB/vCPU","0","0 GiB","","","","","","","",""
"S384","S384","4096 GiB","384","10.67 GiB/vCPU","0","16384 GiB","","","","","","","",""
"S384m","S384m","6144 GiB","384","16 GiB/vCPU","0","18432 GiB","","","","","","","",""
"S384xm","S384xm","8192 GiB","384","21.33 GiB/vCPU","0","22528 GiB","","","","","","","",""
"S384xxm","S384xxm","12000 GiB","384","31.25 GiB/vCPU","0","28250 GiB","","","","","","","",""
"S448","S448","6144 GiB","448","13.71 GiB/vCPU","0","10250 GiB","","","","","","","",""
"S448m","S448m","12288 GiB","448","27.43 GiB/vCPU","0","18500 GiB","","","","","","","",""
"S448om","S448om","6144 GiB","448","13.71 GiB/vCPU","0","18500 GiB","","","","","","","",""
"S448oo","S448oo","3072 GiB","448","6.86 GiB/vCPU","0","14375 GiB","","","","","","","",""
"S448oom","S448oom","6144 GiB","448","13.71 GiB/vCPU","0","26750 GiB","","","","","","","",""
"S448ooo","S448ooo","3840 GiB","448","8.57 GiB/vCPU","0","22625 GiB","","","","","","","",""
"S576m","S576m","12000 GiB","576","20.83 GiB/vCPU","0","28250 GiB","","","","","","","",""
"S64m","S64m","3072 GiB","64","48 GiB/vCPU","0","0 GiB","","","","","","","",""
"S672","S672","9216 GiB","672","13.71 GiB/vCPU","0","14375 GiB","","","","","","","",""
"S672m","S672m","18432 GiB","672","27.43 GiB/vCPU","0","26750 GiB","","","","","","","",""
"S672om","S672om","9216 GiB","672","13.71 GiB/vCPU","0","26750 GiB","","","","","","","",""
"S672oo","S672oo","4608 GiB","672","6.86 GiB/vCPU","0","20563 GiB","","","","","","","",""
"S672oom","S672oom","9216 GiB","672","13.71 GiB/vCPU","0","39125 GiB","","","","","","","",""
"S672ooo","S672ooo","5760 GiB","672","8.57 GiB/vCPU","0","32938 GiB","","","","","","","",""
"S896","S896","12288 GiB","896","13.71 GiB/vCPU","0","18500 GiB","","","","","","","",""
"S896m","S896m","24576 GiB","896","27.43 GiB/vCPU","0","35000 GiB","","","","","","","",""
"S896om","S896om","12288 GiB","896","13.71 GiB/vCPU","0","35000 GiB","","","","","","","",""
"S896oo","S896oo","6144 GiB","896","6.86 GiB/vCPU","0","26750 GiB","","","","","","","",""
"S896oom","S896oom","12288 GiB","896","13.71 GiB/vCPU","0","51500 GiB","","","","","","","",""
"S896ooo","S896ooo","7680 GiB","896","8.57 GiB/vCPU","0","43250 GiB","","","","","","","",""
"S96","S96","768 GiB","96","8 GiB/vCPU","0","3072 GiB","","","","","","","",""